110356
110359
110372
110377
110379
110388
110396
110397
110517
110708
110710
110731
110740
110743
110749
110760
110761
110762
110765
110767
110768
110771
110774
110888
111232
111461
111642
111647
111669
111683
111687
111703
111709
111729
111732
112544
112572
112576
112647
112829
112862
113444
113841
113881
114613
116931
117212
117235
117245
117529
117662
117757
117894
118024
118049
118167
118560
119213
119228
119546
119661
119664
119667
124207
126898
127777
127781
129237
75207
76980
76986
76993
77026
77080
77107
77133
77989
79349
81397
81400
82131
83983
84447
84477
86228
86256
86298
86299
86769
86884
86888
86891
87456
89032
92436
92466
92471
92565
92569
93801
93860
94018
94033
94054
94069
94451
94503
94582
94656
95642
95645
95651
95660
95666
95670
100554
100832
101092
101138
103261
103298
103604
103605
103737
106010
107196
107211
108292
108298
109182
109284
109729
109739
109747
109749
109751
109753
109783
109785
188169
188172
188300
188304
188308
188314
188318
188321
188325
188343
188346
188349
188482
188490
188497
188564
188580
188726
188729
188737
188741
188761
188788
188791
188815
188835
188857
188880
188892
188904
189302
189387
189604
189610
189665
189936
190049
190052
190627
190819
191012
191227
191258
191266
191437
191443
191471
191777
191810
191936
191940
192242
192305
192316
192863
194186
194648
194700
194718
194744
194746
194750
194869
195215
152642
153265
153282
153290
153309
153319
153750
153758
154355
154473
156446
157152
157245
157981
159181
159562
159967
167773
167908
167915
167925
167957
62473
62477
63791
63795
63807
63826
63832
63914
64421
64425
64429
64439
64447
64459
64465
64481
64487
64492
64501
64506
64513
64517
64522
64528
64534
64540
64544
64550
64556
64561
64566
64574
64578
64583
64588
64594
64599
65033
65173
65177
65199
65225
65234
65285
65301
65455
65474
65822
65828
65830
65833
65835
65837
65839
65842
65845
65859
65863
65871
65885
65887
65890
65927
66457
66524
66551
66555
66560
67205
67510
68284
68288
71297
130983
131149
132366
135632
136854
136855
136856
136861
136891
138917
139125
139133
139135
139137
139139
139979
139982
139984
139986
139988
139990
139992
139993
139997
139999
140001
140006
140008
140015
140016
140018
140022
140024
140026
140028
140030
140031
140032
140039
140048
140054
140060
140063
140069
140072
140075
140078
140082
140089
140410
142473
142475
142483
142486
142602
143187
143196
143200
144269
145051
145453
145489
146564
146697
147489
148969
150405
150408
150411
150581
150585
170085
170221
170352
171077
171085
171089
171092
171094
171097
171100
171179
171215
171218
171224
171233
171236
171237
171239
171242
171248
171252
171260
171468
171624
171651
171654
171663
171668
171670
171672
173466
174451
174452
175511
177855
178854
178891
178895
178906
179521
180279
180283
184418
184544
185264
185848
185982
186103
186311
186314
186323
186328
186334
186339
186343
186349
186352
186561
186843
187017
187055
187070
187194
187199
187364
187903
187904
187908
187911
187915
187920
187924
187933
187953
187956
187966
187977
187980
288337
288357
289530
290411
291146
292375
294544
295502
296965
297477
297509
299137
299184
299214
299217
299232
299625
299632
300279
300285
300287
300316
300571
300824
301031
302332
304835
304837
304937
304947
305288
305435
305813
306434
257984
258120
258225
258729
258814
259138
259710
259825
259877
260041
261397
261541
261682
261746
261856
261918
262215
262221
262224
267733
267777
267970
268035
270483
270881
270947
271419
271675
272295
272307
274863
275449
276148
276192
276195
276202
276207
276211
276212
276214
276217
276225
276231
276232
276237
276238
276242
276251
276252
276256
276316
276341
276462
276556
276663
276701
277722
277919
277925
277926
277929
277931
277934
277940
277942
279836
280548
280561
280568
280594
281956
281962
282053
282076
282120
282144
282147
282374
282801
282872
286601
213459
214097
214294
218864
219920
221143
221706
222219
224078
224324
224582
225324
225793
226771
227487
227760
227762
227769
227770
227775
227779
228950
228952
228953
228954
228957
228958
228962
228965
228966
228967
228971
229314
229650
230194
230380
231267
231292
231319
231432
231683
232297
232316
233127
233291
233956
234056
234084
234099
234595
234799
235084
235086
235090
235092
235103
235378
235626
235875
235930
235982
235985
236042
236055
236065
236262
236586
236938
236970
237366
237471
237544
237732
238686
238687
238693
238695
238701
238718
196092
196734
197583
197618
204713
206779
208936
209031
209034
209036
209038
209040
209042
209047
209050
209053
209056
209059
209062
209066
209068
209070
209072
209075
209078
209081
209083
209085
209087
209095
209151
209154
209157
209160
209163
209165
209167
209168
209172
209175
209178
209181
209187
209216
209609
209784
209795
209798
210991
211000
211015
211134
211198
211634
211842
211966
212551
212596
212600
212609
212639
212658
240621
240648
240650
240652
240915
240929
240943
240953
241229
241245
241284
241291
241295
241310
241348
241352
241532
241878
242979
243010
243060
243097
243129
243131
243184
243199
243204
243214
243223
243244
243274
243288
243305
243313
243321
243373
243458
243506
243530
243540
243646
243650
243663
243683
243689
247206
247592
247594
247802
249396
251203
253884
255241
255461
255469
255635
255660
328864
328895
328900
329099
329273
329561
329569
329581
330686
330793
330836
331063
331165
331175
331404
331422
331511
331879
332046
333662
333700
333756
334008
334398
334401
334408
334411
334909
337082
338364
338607
339111
339114
339117
339132
339160
339178
339388
340866
343118
343296
343308
345991
346049
346661
346669
347578
347714
347773
348107
348828
349877
350424
350533
350802
350804
350810
350812
307016
307184
307342
307628
308235
308276
309301
310006
310061
310680
310798
310921
310935
310937
311013
311016
311027
311360
311389
311392
313062
315506
316859
316896
317196
317199
317236
317245
317247
317251
317350
317352
317355
317457
317594
317754
317781
318174
319348
323721
323723
323740
324141
325137
325139
326843
326844
327064
353736
355747
356469
356470
356471
356473
356474
356480
356823
356825
356829
357813
358509
358627
359234
362206
363175
363214
363429
364582
364584
364593
365623
365875
365893
365913
365944
373444
373934
374194
374429
375563
375565
376104
378160
378175
378267
378395
378449
378548
378725
378751
378851
379109
381203
463513
463718
480892
497102
498022
502795
503223
503916
508460
511563
513585
514278
441936
441958
443521
448432
455876
384433
385838
385844
386046
386594
386836
388648
388694
388812
388819
392519
393042
393920
394014
394024
394474
394476
394485
394543
394556
394568
394584
394618
394625
394796
395163
395175
395378
395437
395456
395479
395498
395534
395537
395561
395586
395633
395648
395674
395781
396322
396334
396366
396911
396914
397952
399274
402009
406177
407422
584127
584136
591186
594042
606340
609004
610149
622647
749647
749724
761349
766287
771835
775851
775886
783014
811083
817742
857606
857619
524655
526544
536019
536254
536637
539028
541280
541708
542382
543665
558052
560110
648413
673188
702147
703301
711209
717233
717724
723174
724500
988184
989283
989290
989349
989371
994694
1057693
1060917
1060941
1060952
1060963
1066146
1078365
1085377
1085466
1085804
1091861
1102070
1141726
1146983
1147032
1147037
1147062
1147074
1147087
1161653
1215437
1215482
1218127
1219192
1220115
1221210
1221401
1221545
1270455
1296885
1299459
1307058
1307772
1307883
1308232
1308472
1308492
1369999
1374416
1375374
1375645
1375672
1383198
1839587
1839601
1871411
1876954
1877273
1879642
1879670
1919382
1923489
1924504
1924524
1934079
1935920
1938917
1943013
1944450
1944491
1944492
1944524
1951125
1951496
1990119
1999736
2003994
2004011
2007110
2010074
2035442
1398911
1418503
1420180
1425573
1425594
1426439
1427154
1427159
1428680
1429490
1429494
1458643
1459848
1461536
1461587
1476060
1478464
1480807
1481448
1484825
1496248
1502500
1567052
1600990
1603927
1607259
1609141
1610898
1610902
1611827
1614692
1614704
1638489
1695938
1696948
1696952
1703384
1773909
1789208
1790112
1793383
1801563
1806788
2059056
2060313
2060321
2061722
2064079
2080326
2080683
2100829
2107140
2108212
2119142
2187822
2188823
2251081
2273445
2307990
2308560
2308625
2308745
2311061
2311098
2311715
2311798
2326365
2326368
2326374
2326377
2326385
2326390
2326396
2390752
2419169
2419193
2475708
2475725
2530154
2535785
2535798
2535806
2535825
2535856
2541479
2583725
2588282
2648850
2772014
2772018
2772024
2777492
2777544
2777630
2792989
2865261
2866066
2866465
2922570
2925107
3027414
3027636
3027654
3027670
3029019
3055062
3157236
3163033
3163056
3163120
3163958
3164023
3164038
3164114
3209049
3230683
3230702
3301912
3301981
3313492
3365261
3404586
3405601
3408836
3409100
3411353
3415455
3432229
3541333
3555002
3555008
3559702
3560805
3600367
3747121
3747127
3781857
3781869
3781872
3852061
3923013
3923697
3934961
3951037
3951056
3954047
3977929
3986988
3996365
4049030
4054317
4054324
4054327
4054336
4054381
4054396
4054469
4054487
4054504
4054511
4078631
4083902
4086977
4127899
4144992
4152989
4164317
4194585
4195300
4195310
4211704
4232604
4251207
4258924
4304735
4335324
4377681
4377938
5023578
5023697
5023710
5025749
5027386
5027388
5027862
5029860
5035266
5036830
5037639
5039020
5039979
5041858
5042046
5042272
5042962
5044569
5050838
5051380
5052065
5052769
5053610
5053637
5056240
5057407
5058792
5059123
5059351
4875978
4875979
4876281
4876522
4876898
4878289
4879339
4882137
4883229
4888609
4899008
4903667
4910534
4931610
4936483
4941629
4971952
4988615
4988653
4378341
4378344
4378376
4378493
4378494
4378506
4378698
4378924
4378926
4379159
4379177
4379211
4379215
4397864
4435805
4435809
4435925
4436064
4436106
4436114
4436116
4436121
4436133
4436138
4436195
4436227
4436253
4436272
4436275
4436277
4436279
4436285
4436291
4436364
4436488
4437303
4437593
4437597
4437636
4437641
4437646
4437729
4437950
5084637
5089181
5089185
5094255
5094708
5096291
5097945
5098829
5099365
5103066
5103234
5105109
5105895
5105937
5106319
5106463
5106473
5109177
5109713
5119518
5132082
5137085
5137895
5151044
5151054
5153679
5160803
5160805
5160814
5160818
5160830
5162956
5164246
5165666
5165667
5165689
5169896
5171538
5171539
5171540
5171545
5171548
5173323
5178748
5179305
5180045
5181411
5183203
5183345
5183701
5183712
5186882
5187436
5188877
5188880
5188885
5188886
5189655
5191920
5191922
5191924
5192785
5200902
5201768
5201770
5201772
5201776
5201777
5201782
4438135
4438500
4439917
4440033
4440230
4440237
4440325
4440327
4440347
4440935
4441052
4441087
4441116
4441822
4871678
4872461
4874896
5212440
5219277
5220537
5220545
5221198
5230740
5230812
5231234
5232161
5233049
5234193
5234197
5234199
5234202
5234213
5234215
5234222
5234226
5234229
5234255
5234256
5234262
5234267
5234276
5234281
5236656
5236670
5237541
5238229
5238855
5238860
5239638
5239730
5239947
5240010
5240013
5240016
5240019
5240777
5240868
5240880
5241803
5242342
5242591
5242605
5242683
5243755
5244855
5244895
5245548
5245928
5246100
5246444
5247930
5247932
5248615
5249169
5252042
5252342
5252867
5253319
5253483
5253487
5254089
5254439
5254524
5254960
5256015
5256140
5256312
5257945
5257951
5257952
5257962
5257963
5258797
5259436
5260970
5261230
5261619
5261675
5262001
5262006
5262301
5262479
5262737
5262952
5263119
5263124
5263391
5263975
5264059
5264065
5264302
5264304
5264308
5264507
5264677
5264801
5264818
5264846
5264848
5264859
5264860
5264861
5265061
5265450
5265456
5265523
5265565
5266300
5266664
5266862
5266868
5266890
5266924
5267381
5267382
5267388
5267401
5267405
5267435
5267438
5267441
5267446
5267447
5267449
5267454
5267456
5267566
5267890
5268106
5268108
5268170
5268336
5268343
5268467
5268865
5268968
5269739
5270091
5270312
5270744
5270745
5270813
5270841
5270889
5270967
5270976
5270991
5271071
5271358
5271422
5271474
5272018
5272259
5272273
5272275
5272277
5273128
5273434
5273646
5273652
5274681
5275092
5275244
5276737
5276810
5278086
5278151
5278153
5278154
5278160
5279146
5279409
5279713
5279714
5279715
5279718
5279721
5279723
5280034
5280398
5280408
5281541
5282403
5282764
5282883
5282920
5284145
5284150
5284159
5284160
5284163
5284164
5284677
5284942
5286072
5286077
5286744
5286749
5298975
5298984
5298997
5300926
5307892
5307998
5308007
5308036
5312291
5315983
5326453
5330730
5330747
5330805
5330971
5330974
5330990
5330994
5330997
5331044
5366306
5371062
5393442
5397198
16780426
16846089
16852172
17057139
17121714
17265640
17304506
17498994
17540957
5403064
5406753
5406754
5410057
17637466
17657334
17673486
17673491
17673493
17673497
17673498
17673500
17697288
17759172
17787253
17870428
17963188
18000641
18019544
18065744
18065802
18155718
18165389
18209468
18214038
18214729
18214753
18214754
18291345
18309782
18309790
18312945
18312974
18315315
18650574
19270282
19455038
19479803
19479809
19554978
19558026
19558030
19615186
19629801
19639748
19861313
20085496
20100001
20249166
20263676
20330675
20707450
20707501
20733975
20783181
21116331
21152975
21157092
21162822
21383768
21439718
21471226
21635638
21733797
21857108
22487995
22614333
22645181
22653262
22659946
22663315
22666074
21918917
22064603
22064606
22064613
22064621
22064652
22080575
22189631
22189636
22189640
22200017
22200093
22201001
22201004
22201008
22201014
22201017
22201021
22210169
22216118
22288975
22413978
22676605
22683485
22687832
22705487
22705492
22705495
22705496
22705507
22706399
22706555
22707012
22709631
22710767
22731476
22738188
22745879
22748315
22750784
22758998
25731011
25731176
25731590
25795018
25830063
25830170
25837054
25842621
25846048
25846049
25846051
25846052
25846053
25846056
25846057
25846062
25861070
25861580
25861591
25864552
25867316
25867317
25870847
25873216
25892477
25907643
25907647
25913537
25913542
25913544
25913546
25913548
25917321
25923063
25923067
25951019
25956872
26014988
26075352
26085472
26090062
26102078
26102242
22766907
22772576
22773566
22777571
22778420
22778427
22780386
22781740
22782484
22782651
22783456
22807958
22811997
22812035
22814593
22817103
22818161
22821000
22822308
22831264
22831265
22831273
22831305
22832695
22844482
22852001
22852003
22852004
22852005
22852007
22852010
23202774
23705297
23705316
23768970
24164276
25011453
25234214
25512335
25638674
25639268
25640329
25641146
25641187
25641244
25641508
25641668
25642208
25642221
25642223
25642226
25642244
25642252
25642258
25642263
25642898
25643129
25654015
25698007
25700196
25721158
25721168
25721169
25726214
25727421
25727424
25727429
25729040
25729041
25729045
25729047
25729049
26108693
26109526
26111281
26111503
26112206
26113994
26114005
26114621
26114628
26116122
26118387
26121199
26124791
26124792
26124797
26125533
26127167
26128204
26128719
26142921
26160788
26193921
26207177
26213836
26213841
26213843
26213844
26255419
26291063
26300127
26303641
26312690
26326053
26332199
26341097
26344026
26344079
26344086
26348060
26348068
26348144
26353034
26355372
26366183
26379292
26402032
26402414
26402531
26402667
26429459
26438211
26438707
26447152
26447695
26447698
26457750
26461068
26461935
26491698
26494259
26494264
26509063
26524407
26531283
26535239
26535241
26537201
26548586
26550057
26576022
27386720
27445820
27471607
27483063
27484088
27484089
27484091
27484092
27505451
27511024
27511928
27514252
27538128
27538246
27538248
27538254
27548280
27548281
27548771
27552522
27555426
27560013
27560016
27560017
27560018
27562952
27562956
27562959
27562961
27566947
27567105
27567235
27570014
27570622
27571064
27571228
27571849
27580596
26902924
26927588
26928678
26928685
26933262
27001090
27060412
27060420
27090730
27102079
27103915
27118669
27121408
27149853
27180488
27180653
27182090
27198092
27234811
27354230
26584286
26584293
26584447
26584858
26584886
26584907
26590017
26590024
26590051
26590184
26590188
26590193
26601382
26609384
26609385
26609389
26632169
26636121
26655379
26659031
26697522
26705083
26705091
26722580
26731533
26745651
26763669
26781920
26787016
26807004
26830371
26830606
26852886
27588372
27588464
27588486
27591747
27594382
27598160
27598737
27602841
27672059
27682856
27682865
27685915
27698084
27698294
27704582
27707271
27711373
27722150
27722152
27722156
27722158
27726334
27731391
27747288
27785663
27804386
27804828
27825707
27846862
27846868
27853010
27864111
27867220
27867409
27867428
27867436
27867439
27867440
27867444
27867448
27867449
27867451
27867456
27867457
27867465
27867470
27867475
27867478
27867481
27867483
27867484
27867485
27867489
27867497
27867500
27867503
27867505
27867506
27867511
27867519
27874972
27890645
27890758
27896019
27896148
27896863
27899010
27901518
27901570
27904284
27904286
27904291
27906425
27906432
27906466
27906689
27907499
27908576
27927199
27927772
27928132
27928294
27929721
27930214
27937575
27937676
27937678
27946478
27946598
27946796
27946875
27946938
27949347
27949374
27949881
27949882
27951032
27955740
27965042
27965176
27969164
27971661
27981048
27984180
27984964
27984975
27984994
28009237
28191534
28196182
28196411
28196744
28199838
28226046
28232266
28240139
28240952
28244954
28253280
28258308
28258678
28267677
28272054
28282402
28282750
28282788
28285331
28285725
28287177
28287179
28287182
28287184
28287189
28287201
28287208
28287491
28287926
28033776
28038363
28060006
28082023
28089959
28095601
28103278
28111346
28111625
28111641
28111814
28124985
28136576
28138090
28138228
28138229
28138617
28148942
28160602
28164558
28164559
28167316
28167338
28167353
28167486
28181958
28181959
28521965
28522739
28306416
28306482
28306487
28310322
28310326
28341210
28341635
28344480
28346508
28357876
28362056
28381611
28387594
28387625
28391049
28391626
28399944
28401030
28409101
28410241
28411038
28411262
28411857
28427740
28427758
28427784
28445949
28453008
28453010
28457390
28457953
28458138
28461734
28468947
28468952
28479592
28481950
28481962
28497737
28534092
28535184
28556277
28560031
28561009
28566360
28575899
28591704
28592966
28626076
28626078
28626079
28629058
28631330
28652948
28661544
28681431
28692556
28692592
28695643
28700160
28700242
28700257
28700271
28707738
28713833
28713836
28718123
28730277
28744974
28747240
28748338
28748419
28754877
28757255
28757267
28757341
28768539
29019489
29019503
29019504
29019537
29032096
29034642
29043513
29046094
29047746
29102186
29122982
29130980
29137873
29154889
29156352
29163477
29164028
29164551
29165791
29202815
29209596
29209598
29209601
29209604
29209605
29268469
29283339
29291975
29334513
29343126
29357375
29357385
29357393
29379816
29392943
28875084
28875092
28875146
28875147
28875156
28875157
28889785
28892385
28912110
28913884
28918133
28918293
28920129
28923037
28935312
28936066
28936068
28936521
28936563
28941461
28947060
28952142
28952246
28953001
28953010
28953746
28957362
28985228
28996030
29017184
29017185
29017264
28785973
28786394
28793524
28793697
28798308
28814888
28819129
28828712
28830016
28830335
28832323
28838069
28838551
28838555
28850410
28851139
28853199
28853231
28854853
28860597
28862214
28862216
28864473
28864478
28864997
28870193
29401512
29408650
29414160
29414460
29414561
29414640
29415950
29415953
29415965
29418062
29418943
29418950
29423283
29429718
29431085
29449921
29450567
29456253
29460185
29460290
29460621
29463425
29463521
29482234
29482242
29489503
29491076
29491775
29497411
29498105
29498133
29498134
29498177
29524562
29534838
29538294
29539085
29542143
29544809
29550028
29556050
29562333
29564343
29567545
29572989
29582959
29583248
29592187
29595292
29712183
29713638
29715736
29718053
29722281
29723016
29723019
29723022
29723023
29723024
29723028
29723035
29723039
29723041
29723043
29728186
29729123
29732231
29732300
29734269
29734316
29734317
29737755
29737760
29743337
29747554
29747727
29748058
29750120
29750499
29750766
29750958
29751627
29753404
29753702
29759370
29761121
29762206
29762247
29764182
29771185
29771305
29771885
29772978
29774283
29774396
29775219
29775856
29777652
29777839
29785930
29785948
29793230
29796635
29796649
29800167
29800265
29806130
29809425
29809495
29809501
29809710
29809711
29809712
29809713
29812076
29812093
29812116
29812118
29812187
29816078
29816872
29818791
29822071
29829667
29848221
29848796
29898054
29898103
29922372
29922384
29922738
29932199
29932201
29932306
29932432
29932439
29932451
29932452
29932453
29932455
29932462
29932568
29966444
29999175
29999466
29999529
29999913
30051973
30064897
30070186
30070188
30070705
30148680
30148805
30212373
30212889
30251316
30260077
30284117
30352477
30373203
30373825
30394408
30394952
30394959
30394960
30398875
30432211
30432217
30432225
30474601
30496329
30496792
30512490
30569420
30569512
30569513
30590646
30590922
30612268
30621409
30814948
30854590
30903117
30903223
30967616
30967627
31356410
31356495
31370656
31421055
31421243
31421612
31446237
31460206
31477110
31478403
31517261
31517269
31529852
31563709
31569457
31587727
31645008
31649308
31649714
31654156
31654408
31654449
31654747
31721607
31789277
31835902
31861678
31010424
31048380
31053380
31062984
31066926
31066942
31090767
31108722
31134193
31134451
31134659
31152396
31165168
31165363
31191570
31192903
31234184
31234194
31234244
31245849
31246526
31246535
31246542
31246545
31260914
31273079
31273477
31341034
31877468
31877634
31877638
31877643
31877649
31912054
31917389
31918976
31967229
31967424
32013022
32019255
32035600
32063396
32063409
32063486
32166485
32174135
32192765
32288125
32288141
32288145
32317485
32317602
32320961
32341279
32364150
32364155
32944520
32977647
33004805
33004904
33004946
33004962
33051386
33071199
33072052
33085720
33085987
33111636
33111997
33166238
33166514
33184016
33211675
33233411
33248099
33248244
33296940
33337052
33337284
33361585
33361687
33361772
33365077
33418336
33418337
33418338
33418339
33418340
33418344
33418578
33471424
33497213
33497436
33504053
33510814
33522325
32408263
32419750
32431348
32432008
32432018
32432599
32451018
32451978
32526331
32574252
32619054
32619942
32619944
32639452
32680243
32701748
32701994
32701996
32701998
32702000
32703002
32703004
32703006
32705871
32708152
32712844
32712845
32737321
32785015
32785189
32785422
32785676
32785692
32807287
32807844
32835879
32845640
34125023
34125088
34142770
34167011
34167096
34169489
34179727
34179921
34182142
34200457
34200623
34200629
34218231
34228329
34248435
34248459
34248479
34274470
34280405
34280921
34324068
34324643
34324804
34341241
34341494
34341536
34364633
34383394
34383396
34468269
34509412
34509413
34509414
34509415
34509951
34516434
34516729
34516812
34528693
34532063
34532273
34532670
34586283
34586825
34586828
34609166
34613072
34614324
34614480
33522777
33525347
33544176
33579110
33579666
33599024
33638491
33668379
33668383
33668398
33668823
33715196
33717785
33737547
33761626
33763029
33781092
33785645
33789057
33850506
33854529
33854651
33856886
33875179
33887543
33887627
33913903
33916773
33920275
33937117
33941325
33941359
33991463
34002575
34002624
34003533
34040854
34072193
34078903
34723470
34749355
34749917
34766555
34766561
34766630
34770146
34773107
34775318
34834772
34880182
34880184
34880815
34916134
34928665
35023046
35030789
35031728
35031784
35032659
35032661
35032662
35270161
35288867
35288868
35307106
35310714
35314235
35345243
35437577
35440867
35470054
35617893
35625266
35625351
35625353
35678835
35726491
35847245
35847917
35848235
35955864
36024622
36089836
36102661
36117850
36150031
36150508
36150779
36190300
36190582
36190583
36190589
36190592
36190602
36190605
36198480
36198571
36386430
36388693
36496637
36496641
36586631
36587245
36587408
36607898
36616388
36664676
36664973
36841319
36841951
36841953
36861896
36871704
36894948
36927594
36927615
36927671
36947793
36947794
36947797
36947798
36947800
40249174
40249713
40255489
40915694
41462775
41462778
41500653
41500655
41500928
41500990
41602785
41630386
41630482
41631510
41636037
41640890
41648129
41653419
41654789
41657934
41663316
41663319
41665825
41667975
41672687
399341112
399341158
399341475
399342285
399342348
399353351
399353358
399353364
399353365
399353366
399353368
399354113
399354366
399354367
399354368
399354373
399354374
399354384
399354811
399552336
399552413
399552428
399552536
399953119
400161817
400579459
400581071
400581414
400690202
400690511
400690564
400876162
401250593
401250645
401381904
401723210
402070051
402205165
403012016
403012108
403310876
403710248
404182583
404184492
404459371
404459847
404460259
404543536
405079779
405167971
405327993
37132457
37132778
37132784
37202149
37202359
37239066
37239067
37239068
37239069
37239070
37239071
37239078
37239079
37239080
37239081
37239082
37239376
37240057
37240058
37240059
37240060
37240061
37240068
37240069
37240070
37240071
37240072
37240073
37240074
37248223
37248246
37248414
37722564
37820154
37856454
38358164
38358165
38358217
38358218
38391479
38391797
38392664
38673088
38673142
38673144
38689090
39224533
39227081
39443443
39635710
39869577
40140629
40140643
40140663
408280222
408280661
408280693
408332204
408616240
408772573
408943086
409060218
409060465
409288280
409302068
409326553
409326713
409646670
409647637
409650851
409654318
409941465
409941528
409941791
410518476
410628699
410628961
410710571
410714692
410715534
411213166
405612712
405987153
405987715
406000158
406086090
406346427
406347410
406730444
406730941
406730982
406737845
406907317
407002091
407002160
407007146
407007159
407007444
407007445
407126409
407444015
407679565
407699097
407889398
407889965
408055076
408140292
411356494
412175396
412175989
412187222
412187944
412319704
412493648
412519085
412785271
412785763
412911352
412911838
413142577
413142578
413142579
413142582
413142585
413812817
413831239
413834087
413834808
413961276
414193013
414586164
414826268
414826271
414979759
415085696
415090632
415593599
415792900
415792901
415793076
415793150
420500379
420513630
420513779
420513785
420513820
421091290
421137063
421137242
421137966
421148804
421203698
421423199
421885010
422132775
422252189
422419646
422428992
422429893
422960381
422977059
422977955
422977956
423058847
423104398
423227238
423407271
423776567
423849369
424057091
424060342
424262011
424262088
424264301
424264348
424264351
424264951
424496153
424496186
424496236
424496519
424538389
424538390
424995136
424995310
424995314
424995317
424995318
425065695
415793855
415793857
416385140
416385177
416388430
416552313
416700390
416890311
416892104
416892296
417243622
417250090
417250969
417595728
417595824
417613863
417833584
417953208
418257688
418326563
418603259
419077108
419373902
419374177
419374873
419375586
419375844
419485700
419485713
419837717
419877515
420397651
420400133
420401855
425280093
425280096
425570143
425684116
425959494
426027305
426342074
426502131
426852363
426881573
427017374
427142481
427416324
427419092
427542181
427595628
427606738
427614613
427614614
427614621
428116397
428375376
428375575
428390661
428390961
428391064
428391496
428391773
428591535
429210900
429348479
429460405
429769629
430026571
430053207
430053996
430685630
430793674
431096357
431259486
431357123
431357902
431534069
431853410
432430365
432430709
432430716
432464018
432464142
432506367
432511091
432511290
432511343
432698786
433018761
433103084
433107992
434070063
434070225
434550139
440101777
440239084
440240018
440240157
440240192
440240292
440241025
440241060
440241077
440342015
440353267
440357630
440403787
440411226
440411413
441120082
441120089
441120094
441120302
441437222
441491582
441617772
442009673
442016626
442016627
442016631
442030657
442315646
442315653
442503651
442867023
442867427
442899380
443875712
443876739
444269919
444356814
444356916
444548775
444745161
444803387
444803467
445154140
445198021
445462265
445547002
445666450
445781493
445844350
445844400
445845230
445845365
445886480
446247397
446508938
446557472
446557635
446936996
446940979
446940994
446944158
447057932
447076485
447128674
447129031
447239206
447279389
447279395
447279805
447298464
447481268
447926025
447941434
447988811
448018403
448143036
448184048
448226072
448316224
448317014
448389361
448742120
448754936
448916771
448917224
448977202
448982262
449329063
449458069
449577299
449577528
449578463
449748100
449784109
450032894
450048239
434659866
434732737
434871558
435305090
435307398
435307753
435552610
435948709
436147262
436305474
436489074
436514147
436514203
436667225
436668326
436668683
436668684
436675656
436698325
437250700
437250852
437752010
437752884
437755210
437755521
437755552
438326378
438431331
438431402
438466189
438801261
438803182
438803243
438904142
439646877
439665253
439911153
450222689
450400215
450553677
450553975
450701732
451330890
451340983
451372123
451513525
451583172
451701846
451981461
451991565
452036075
452124973
452608065
452608193
452608449
452804320
452814335
452814977
452986223
452986351
452997280
453107183
453222559
453223306
453223578
453225215
453268575
453291449
453369634
453413861
453423319
453463174
453856079
453889385
453927802
454435465
454438076
454438472
454438658
454438797
454924266
454924272
454966128
454966455
454966631
454966989
455345170
455345412
455345718
455502042
455970234
456030007
456136072
456147393
456175022
456175091
456175093
456175095
456175109
456175343
456995238
457051526
457487948
458348749
458507089
458711465
459067243
459067394
459068807
459116892
459733590
459840711
459870433
459942286
459944978
459946515
459954249
459954252
459954439
459954497
460190996
460249526
460331776
460514067
460736300
461080635
461124095
461124473
461149734
461257827
461347460
461347784
461412518
461412521
461412523
461412528
461507117
461518511
461691502
461889716
462656517
462688243
462701454
462854092
462869332
462871330
463038199
463157930
463159575
463352351
463352357
463352358
463352364
463352365
463352376
463425497
463860221
463860634
463861406
464192507
464551475
464574925
464574932
464574950
464575645
464576248
464576365
464577011
465132188
465622328
465675107
465677047
465920521
465920777
465921160
465921745
466089038
466122460
466126415
466343680
466425831
466567203
466652781
466794339
467164327
467164529
467604218
467665265
467665291
467795808
468490459
468490562
469249441
469272844
469699827
469744791
470293207
470293313
479441553
479938158
480395075
480624706
480779757
481152323
481342783
481526941
481632977
481853711
481853722
481853756
481859563
481918881
481921114
481921332
481921455
481921549
481921906
481925362
481925552
481925636
481929867
481933061
482109193
482489340
482636372
483151385
483224337
483224590
483225109
483234908
483242262
483242330
483453232
470736250
470759613
471156680
471565832
471645664
471646586
471870085
471935653
472137890
472361236
473173750
473175467
473175470
473175476
473403924
473404348
473412675
473440567
473719938
473740204
473853723
473873962
473940122
483922428
483937795
484056484
484058217
484249936
484278264
484629946
484730269
484732217
484732874
484732970
484805933
484975075
485607118
485612082
485612098
485700923
485960162
486188296
486188298
486194196
486194197
486194802
486837300
486999010
486999043
486999108
487192958
487210138
487210208
487387216
487388010
487388013
487430480
487507067
487527288
487527291
487558832
487583651
487587444
487590417
487590642
488388730
474042450
474502626
474791656
474979311
474990486
475073717
475073719
475199515
475277152
475277385
475279147
475279428
475279442
475279862
475392343
475782021
476646820
476659144
476831463
477028890
477215219
477215944
477251481
477342444
477837059
477837871
478303470
479066501
479419846
479420775
488719168
488885118
488892602
488893187
488922058
488986816
489302413
489410556
489506452
489768251
489783829
490291054
490407216
490637644
490997557
491015072
491276296
491342532
491686053
491686284
491695525
491757213
491950233
492256479
492914860
493042797
493285288
494020372
494410453
494410635
494410758
494410849
494642290
501220962
501437853
501467093
501467853
501467872
502043537
502228178
502238171
502238178
502238326
502238884
502678329
502925939
503157495
503561326
504016381
504215863
504264241
504265238
504738404
504858629
505208167
505330476
505451191
505573099
505818435
505820121
505950403
505997881
506099560
506520164
507003754
494645876
494858477
494858808
494865366
495217356
496446595
496507504
496657603
496657630
496870295
497400537
497745383
497745567
498331795
498549914
499673122
499673123
499675131
499789911
499823750
499957701
500352026
500410249
500412243
500665334
500665337
500665338
500665339
500808646
501133119
501133567
501133805
508319111
508960938
509106079
509106424
509106602
509330323
509330619
509531834
509698481
510478710
510846766
510953935
511364836
511692489
511770418
511783974
511789815
511921483
512298121
512359558
512376588
512616771
512733081
512834475
512834504
513523183
514158594
515143043
515404505
515432753
515454502
515822254
515827388
515829387
515847308
515988042
516050468
516260245
516491432
516684924
516991614
517144770
517322799
517446139
517543022
517548482
517565430
517642609
517672624
517890064
518014018
518077470
518088545
518170024
518297244
518646078
518649014
518795080
518863758
518894946
518895684
519111223
519112161
519250196
519454945
519699769
519913075
519935202
519943190
520056353
520137994
520508050
520612573
521137336
521415760
521416752
521417510
521418712
521418822
521597063
522320058
522466688
522468052
522529412
522529494
522709565
522749811
523077730
523251474
523251497
523429891
523913100
524148450
524152911
524152938
524298621
524316022
524408543
524543708
525120020
525570845
525935284
526093057
526363592
526468505
526468531
526470167
526470511
526470543
526472472
526763682
527223995
527354000
527684994
528203626
528271325
528272344
528272458
528273535
528285558
528308204
528478990
528588598
528597010
529824851
529824983
530153789
530412216
530995041
530995844
531040612
531040804
531051713
531051916
531135650
531295228
531777547
532067244
532710533
532777368
532904894
532950095
532950265
532950283
533105985
533522192
533548318
533788692
534066459
534066460
534260477
534513322
535048794
535147191
535241031
535793562
535793567
535793574
536082971
536570393
536595807
536622420
536622636
536624282
536726095
536892207
537405593
537690736
537854721
537854738
537854739
537854742
538043236
538370058
538397169
538444171
539631179
539907313
540989764
547358350
547603190
548145448
548648066
548838254
548852601
548986740
549055007
549160989
549162934
549368411
549484811
550230323
550460886
550520580
550665567
550821777
551339788
551533884
551645692
552192975
552242081
552334488
552452445
552456418
552469970
553178212
541145532
541326593
541432242
541534367
541868604
542368103
542415956
542749874
542755990
543011882
543210054
543608245
543741476
543747557
543798802
543911940
544000868
544064966
544344654
544799360
544911373
545146747
545346011
545581627
545590291
546306764
546378720
546838016
546864290
554118097
554241691
554244885
554245811
554311296
554361231
554725973
554725991
555307685
556201183
556204118
556207204
556207249
556685349
556748766
557404690
557812549
558108796
558290126
558316614
559003746
559787702
559997197
560033347
569144091
569734225
570008581
570087077
570088079
570295128
570318676
570378662
571059539
571336152
571338649
571339193
571545674
571545720
571854150
572028819
572132255
572153469
572254442
572354726
572493976
572872072
572874066
573116699
573168588
573168600
573196282
573509207
573575159
573583273
573747359
573781270
573852347
573923752
573980732
574262209
574643573
574870430
574908171
574924952
862098120
862098178
862098916
862100668
862100805
862202537
862439633
862518867
862741536
862881959
862907941
862993846
863092459
863094364
863109097
863392140
863481066
863489766
863489767
863547374
863575122
863949788
864043623
864099977
864508299
864622002
864795742
864923875
865021919
865040130
865051286
865309738
865361943
865696222
865764776
865909147
866179940
1293825852
1293876199
1294152571
1294383828
1294433071
1294500855
1294537485
1294654921
1294822336
1294899099
1294899101
1294899563
1294899822
1294910097
1294910888
1294924044
1294924051
1295098163
1295106600
1295148071
1295393373
1295649736
1295655158
1295670533
1295704101
1295782825
1296302262
1296461202
1296583135
1296706520
1296706521
1296706522
1296864970
1296893537
1296913095
1297696161
1297742219
1297743568
1297750387
1297794795
1298042469
1298093855
1298130745
1298336783
1298717831
1298722445
1298722634
1298793640
560624085
560637384
561560890
561695295
562257362
562597087
563588580
563617037
563633996
563681894
564094072
564181199
564841301
564879697
565080414
565175194
565176145
565176157
565176159
565970087
566045218
566217695
566435445
566436427
566443468
566660812
566731290
567905987
568518502
568607458
568631049
1299354166
1299540356
1299563225
1299693292
1299806348
1300360304
1300370734
1300381893
1300423182
1300595161
1300595539
1300644881
1300942718
1301027901
1301212183
1301433939
1301572098
1301574921
1301700852
1301777162
1301883744
1301884692
1301909440
1302084483
1302090321
1302335318
1302387725
1302573325
1302621712
1302953068
1302953071
1302953072
1303026671
1303027163
1304138062
1304153175
1304261116
1304662143
1304760687
1304838695
1304885187
1304922033
1304925437
1304953534
1305141578
1305363586
1305365936
1305459957
1305579825
1305656179
1305717581
1305863183
1305960097
1306081092
1306371615
1306400549
1306431916
1306497005
1306497946
1306507808
1306552762
1306826591
1306857404
1306899526
1307206441
1307243570
1307344986
1307363287
1307478622
1307635613
1307804519
1308035974
1308204451
1308256434
1308541487
1308706084
1309394527
1309664808
1309691370
1309821542
1309896187
1309903431
1309915041
1309979995
1310505970
1310520863
1310682489
1310913720
1311004667
1311133070
1311133071
1311209514
1311209564
1311276235
1311319350
1311319402
1311345316
1311346407
1311347359
1311411018
1311650016
1311714131
1311720476
1311826926
1312338729
1312478892
1312595691
1312755194
1312889593
1312993764
1313052971
1313104026
1313107896
1313108177
1313159466
1313558595
1313562303
1313579021
1313588198
1313591356
1313591405
1314008668
1314811712
1315144740
1315569924
1315578995
1315961674
1315963154
1316246087
1316574774
1316582986
1316767232
1316902407
1316921651
1317018339
1317410474
1317457388
1317536865
1317671992
1317679327
1317838098
1318055068
1318058167
1318101671
1318487480
1318505916
1318721017
1318871880
1318933384
1319076735
1319343871
1319676183
1320098329
1320109301
1320326012
1320601301
1320832941
1320993280
1321033921
1321175925
1321401199
1321409785
1321445637
1321541309
1321820395
1321874925
1322116409
1322129485
1322228793
1322261402
1322370226
1322489876
1322892676
1323106961
1323303966
1323304621
1323331556
1323631403
1323748325
1323763701
1323789826
1323837008
1323850626
1324038353
1324038354
1324038357
1324114357
1324466790
1324899705
1325121193
1325125720
1325702742
1325711600
1325711844
1325711964
1325896433
1325896666
1325896800
1325896984
1325898020
1325898526
1325898758
1325898762
1325952955
1325997170
1326207425
1326378979
1332848111
1332897128
1332904159
1332982757
1333134867
1333150597
1333327476
1333341557
1333347398
1333406633
1333745434
1333904985
1334014549
1334236643
1334296172
1334297036
1334351230
1334717237
1334859296
1335168354
1335403249
1335484025
1335521128
1335674162
1335676266
1335773474
1335803246
1335822657
1336088807
1336153991
1336155854
1336205537
1336305094
1336306061
1336330460
1336510679
1336575654
1336631279
1336789768
1336856449
1336866254
1336866429
1336871045
1336871507
1336871780
1336917043
1336955709
1336973590
1337018939
1337039672
1337325783
1337515007
1338211431
1338240939
1338422465
1338490248
1338760493
1338785762
1338810486
1338816002
1339030970
1339044717
1339080866
1339122905
1339140545
1339234095
1339255973
1339368475
1339375638
1339421617
1339447554
1339648907
1339719268
1339897258
1339965121
1340011777
1340192075
1340272639
1340382195
1340399291
1340801354
1340842066
1340890767
1341138880
1341165863
1341210155
1341372982
1341474992
1341540633
1341740943
1341912654
1342582023
1342743477
1342979980
1343014294
1343027774
1343027775
1343027940
1343278024
1343324975
1326640164
1326847808
1326995831
1327085138
1327143438
1327143759
1327318024
1327337964
1327341488
1327478579
1327540441
1327824691
1327894517
1327985145
1328500126
1328545056
1328595264
1328689596
1328702094
1328921249
1328987330
1329076559
1329392980
1329592929
1329734352
1329771977
1329976449
1330289361
1330346904
1330628434
1330769879
1330933845
1331127961
1331298987
1331371540
1331377798
1331644760
1331835076
1331848571
1331853311
1331873420
1331974916
1332113696
1332160201
1332242928
1332282506
1332324163
1332494515
1332676771
1332762344
1343455978
1343456012
1343458394
1343458970
1343461535
1343555119
1343555122
1343569856
1343756008
1343816760
1344170472
1344409334
1344563426
1344814341
1344825579
1344851065
1345334658
1345341129
1345613056
1345686925
1345758803
1345771742
1345803132
1345860206
1345898953
1346093133
1346093137
1346101037
1346104347
1346105101
1346235640
1346371675
1346388276
1346472029
1346568631
1346664174
1346675477
1346747311
1346753468
1346889945
1346961369
1346993613
1347062561
1347110044
1347468523
1347584571
1347697257
1347717609
1347814173
1347832163
1347940579
1348221944
1348373365
1348548045
1348548049
1348598677
1349028677
1349204276
1349283442
1349386570
1349395335
1349708951
1349946492
1350037866
1350137937
1350160463
1350183697
1350232549
1350364033
1350583043
1350621647
1350704853
1350733038
1350931786
1350981811
1351069279
1351188267
1351254978
1351255013
1351441536
1351449992
1351578385
1351603766
1351603882
1351620362
1351743204
1351795239
1351802454
1351810962
1351965678
1352045218
1352430995
1352548429
1352576636
1352818251
1352818850
1352818966
1352820720
1352820763
1352820990
1352912738
1353288660
1353385144
1359205811
1359419041
1359432087
1359523231
1359553799
1359712940
1359815571
1360384378
1360390960
1360659427
1360892929
1360965888
1360967181
1361163406
1361231138
1361270584
1361299492
1361378048
1361558668
1361962244
1361988914
1362009109
1362009196
1362020289
1362439153
1362573736
1362707065
1363046659
1363059302
1363078221
1363152402
1363168477
1363268722
1363291789
1363342291
1363408289
1363433965
1363592859
1363646992
1363677553
1363711955
1353753801
1353785994
1353865534
1353886851
1354206023
1354291617
1354451040
1354478494
1354478596
1354616216
1355095007
1355095213
1355229271
1355299229
1355378133
1355664957
1355806530
1355846072
1355916022
1355928207
1356109542
1356214745
1356295672
1356428030
1356511808
1356691936
1356738952
1356936779
1356953595
1357197847
1357375706
1357376409
1357399743
1357425804
1357614645
1357646934
1357774366
1357774367
1357775294
1357839856
1357940110
1357985690
1358275760
1358416683
1358554236
1358575160
1358647507
1358749701
1364261872
1364274530
1364627097
1364693913
1364720145
1364799698
1364820192
1364842641
1365032837
1365268528
1365428235
1365503354
1365517710
1365638592
1365681724
1365861625
1365898329
1365905091
1365905092
1366038943
1366388726
1366467704
1366496420
1366524456
1366551854
1366552763
1366596278
1366605000
1366706712
1366724720
1366755599
1366790853
1366957080
1366963632
1367065305
1367241874
1367297820
1367333282
1367368790
1367392279
1367414244
1367710382
1368001544
1368357826
1368371706
1368486461
1368558876
1368563262
1368868337
1369285767
1369303149
1369405004
1369580871
1369636505
1369701289
1369794434
1369859912
1370041233
1370202829
1370344196
1370448710
1370515393
1370671872
1370748318
1370897787
1370946208
1370963245
1371378897
1371537895
1371627538
1371643362
1371760673
1371793343
1372114945
1372315221
1372362834
1372369851
1372391974
1372456399
1372456719
1372514696
1372598187
1372726610
1372762816
1372806543
1372934010
1372970194
1372970873
1373026311
1373041366
1373084959
1373228477
1373266565
1373321353
1378097086
1378136542
1378436048
1378461388
1378461389
1378461391
1378461392
1378461393
1378461394
1378461395
1378461396
1378461398
1378463104
1378463105
1378463107
1378607667
1378616401
1378631615
1378631855
1379009818
1379139251
1379148912
1379273495
1379411009
1379617022
1379619299
1379628076
1380194808
1380262830
1380294757
1380345824
1380355904
1380646702
1380921573
1381082747
1381291657
1381434356
1381472271
1381710708
1381755293
1382167448
1373604989
1373641092
1373881557
1373884209
1374083689
1374400173
1374417164
1374469839
1374607176
1374647996
1374701517
1374941152
1375184255
1375203137
1375393782
1375512782
1375527293
1375941658
1376084681
1376148033
1376362695
1376363370
1376397226
1376463659
1376797952
1376973719
1377005412
1377012406
1377057941
1377262610
1377290021
1377385730
1377412131
1377530437
1377558035
1377574956
1377606630
1377663942
1377748865
1377814337
1377861756
1377896642
1377961945
1378061079
1378064998
1378082531
1378085161
1378093612
1382309647
1382351793
1382411575
1382423403
1382603766
1382607014
1382616274
1382616574
1382640519
1382781950
1382794139
1382985712
1383014779
1383107158
1383201475
1383248905
1383381526
1383429744
1383715787
1383758491
1383758542
1383759641
1383759646
1383876635
1383894880
1383909126
1383927243
1384286544
1384290310
1384327187
1384327453
1384330676
1384414881
1384484351
1384527356
1384527426
1384797731
1384822341
1384960031
1385102035
1385166815
1385182457
1385332345
1385408331
1385408332
1385552489
1385552490
1385552539
1385552566
1385560167
1385739204
1385856956
1385858479
1385911240
1385911387
1386055583
1386055751
1386055858
1386231813
1386240965
1386460251
1386639837
1386660232
1386876006
1386946638
1387100707
1387101318
1387157948
1387385598
1387495002
1387555989
1387559800
1387564806
1387591255
1387591467
1387600572
1387608452
1387659184
1387670854
1387681076
1387849443
1388357387
1388410229
1388425764
1388503739
1388531575
1388574046
1388595437
1388608541
1388619218
1388800785
1389212744
1389431817
1389462973
1389640000
1389704154
1389781553
1389914486
1389925041
1390065771
1390071242
1390251947
1390453619
1390519610
1390520625
1390536227
1390642147
1390728547
1390853266
1391037220
1391245250
1391281655
1391281663
1391338210
1391393434
1396377126
1396466485
1396473172
1396536018
1396542666
1396568325
1396602869
1396767374
1396926232
1396930288
1396973729
1397001430
1397096715
1397130623
1397130724
1397199516
1397282233
1397287778
1397288794
1397293201
1397293557
1397307932
1397507072
1397513503
1397573144
1397578020
1397767493
1397835514
1398268325
1398415601
1398451663
1398452463
1398452466
1398467990
1398474534
1398476480
1398508295
1398516523
1398562237
1398860269
1398914844
1399112265
1399159133
1399218966
1399240531
1399319508
1399366690
1399413450
1399454038
1399643933
1399705341
1399705832
1399706232
1399837876
1399839595
1399858567
1399940938
1400184355
1400313898
1391509011
1391525386
1391534176
1391638888
1391864664
1391871684
1391875821
1391909280
1392049224
1392317883
1392395893
1392423401
1392566187
1392606019
1392626750
1392627339
1392752937
1392882194
1392990601
1393178113
1393205630
1393224585
1393336278
1393460937
1393497879
1393616061
1393632213
1393633594
1393662384
1393962739
1393971554
1394009854
1394009857
1394176753
1394183507
1394183562
1394189690
1394494943
1394847947
1394953605
1395082918
1395144034
1395379396
1395386443
1395392132
1395617160
1395619967
1395637201
1395844833
1395852251
1395993236
1396073496
1396073502
1396186820
1396365414
1400453707
1400486136
1401196195
1401267466
1401307993
1401435343
1401482684
1401482763
1401696931
1401696987
1401725596
1401924960
1402802712
1402846442
1402892085
1403020003
1403103200
1403221728
1403221990
1403305909
1403501533
1403501534
1403501539
1403505181
1403505183
1403505185
1403783133
1403800769
1403818720
1403824031
1403901883
1403989799
1404150579
1404228691
1404488994
1404730214
1404906595
1404996697
1405033332
1405122419
1405128273
1405232259
1405277424
1405577512
1405650118
1405740004
1406049028
1406119516
1406212884
1406219714
1406432116
1406486126
1406642934
1406660906
1406665350
1406730371
1407272623
1407278285
1407341318
1407364520
1407387852
1407412018
1407424616
1407424789
1407480559
1407566489
1407880177
1407989497
1407993755
1408068311
1408403807
1408409302
1408409303
1408409310
1408409311
1408471216
1408471530
1408612822
1408707980
1408711830
1408713927
1408798068
1408861641
1408944935
1408971345
1408983294
1409227064
1409311191
1409329186
1409329655
1409405315
1409508787
1409576144
1409578704
1409838411
1409838556
1409843998
1410018262
1410185402
1410416744
1410596825
1410609862
1410609866
1410612655
1410666632
1410700104
1410801895
1410808563
1411364656
1411382130
1411532260
1411571756
1411692906
1411718813
1411719571
1411784809
1412022850
1412195984
1412242872
1412281350
1412322802
1412448211
1412486438
1412492363
1412572805
1412575988
1412661415
1412671590
1412672813
1412779613
1412846581
1412897599
1412899152
1413130162
1413143982
1413162278
1413323991
1413338832
1413622932
1413623153
1413623663
1413748243
1413831698
1413961059
1414078520
1414316521
1414345889
1414437448
1414551444
1414590976
1414832922
1415274620
1415392286
1415392287
1415430342
1415604770
1415604776
1415627867
1415933856
1415935450
1415940942
1416025376
1416028934
1416262764
1416322162
1416382266
1416400728
1416438275
1416470132
1416479690
1416502797
1416628288
1416673667
1416685176
1416747872
1416750165
1416750166
1416767119
1417026175
1417129088
1417136806
1417162373
1417166015
1417400851
1417483270
1417520088
1417603196
1417781334
1417872647
1417892718
1417924651
1417968510
1418010954
1418054024
1418055468
1418072116
1418131597
1418163109
1418260201
1418261738
1418316824
1418411938
1418430749
1418431739
1418462359
1418525735
1418582780
1418766731
1418837022
1418880409
1418975623
1419000633
1419095195
1419268541
1419269685
1419457616
1419470862
1419822105
1419831426
1419873257
1419972053
1420226705
1420287353
1420407267
1420431685
1420752993
1420765653
1420768546
1420819780
1420908558
1420917065
1421056720
1421223505
1421256637
1421276505
1421305140
1421346973
1421589049
1421707179
1421716072
1421780908
1421859939
1421990939
1422212205
1422220108
1422399363
1422512320
1422533196
1422787492
1422883398
1423014472
1423030469
1423030674
1423041293
1423121797
1432492654
1432714356
1432716354
1432732732
1432993840
1432994793
1433039939
1433228123
1433232692
1433338551
1433340924
1433421603
1433441790
1433470767
1433507150
1433664350
1433671119
1433723582
1433736562
1433736573
1433764463
1433795646
1433815195
1433970695
1434011511
1434078339
1434293747
1434332317
1434354649
1434386699
1434572882
1434631084
1434631277
1434669543
1434760048
1435070599
1435083810
1435158305
1435177840
1435317766
1435392283
1435563616
1435659788
1436054819
1436081452
1436149526
1436193759
1436356691
1436490143
1436536090
1436685819
1436696992
1436709403
1436902081
1423181681
1423316652
1423524242
1423559551
1423695212
1423724496
1423746121
1423753681
1423800860
1423875159
1423993181
1424018194
1424044700
1424114160
1424201407
1424213680
1424213681
1424249447
1424258741
1424272477
1424286681
1424343020
1424460966
1424507713
1424573815
1424621347
1424681818
1424711230
1424916458
1425069147
1425080970
1425175977
1425345116
1425398907
1425401131
1425409661
1425641777
1425665256
1425786952
1425839673
1425896565
1425898259
1425925018
1425940911
1426044179
1426112587
1426238394
1426244966
1426256544
1426272468
1426304544
1426309850
1426326198
1426330450
1426437473
1426487157
1426525004
1426649132
1426693088
1426828887
1426940242
1426959223
1426997313
1427047388
1427110214
1427200344
1427424808
1427432290
1427433826
1427433840
1427468090
1427517509
1427676242
1427709421
1427724472
1427775641
1427811199
1428068097
1428068491
1428072949
1428147330
1428211824
1428211873
1428234602
1428275773
1428290622
1428480585
1428495562
1428558814
1428563132
1428668442
1428702623
1428759418
1428814907
1428815673
1428881523
1428881803
1428881854
1428882482
1428948873
1429235763
1429319503
1429505324
1429556149
1429705980
1429716422
1429757874
1429787141
1429842120
1429905441
1429951820
1429954271
1429962122
1429975302
1430019702
1430167453
1430174791
1430310101
1430322973
1430491946
1430521673
1430568757
1430712577
1430844122
1430850573
1430882212
1431047906
1431253446
1431393883
1431448890
1431512012
1431580138
1431636755
1431644651
1431707680
1431760010
1431762826
1431771026
1431808890
1431866741
1431915609
1431915849
1432180644
1432223575
1437014928
1437174174
1437188531
1437204306
1437323677
1437340230
1437993230
1438068885
1438092617
1438240241
1438385737
1438447607
1438493097
1438500079
1438747761
1438785023
1438791041
1438805880
1438820947
1438821588
1438881591
1439043673
1439043787
1439128258
1439354783
1439363483
1439410512
1439975538
1440079687
1440100719
1440125901
1440145355
1440148185
1440148557
1440148560
1440148562
1440176366
1440211464
1440290511
1440366954
1440374354
1440374355
1440374391
1440375103
1440375483
1440382044
1440405641
1440424730
1440597489
1440637228
1440694006
1440783517
1440822345
1440943328
1441002105
1441018380
1441028248
1441226072
1441476817
1441514675
1441581225
1441815221
1441835874
1441847950
1441963771
1442096109
1442111620
1442232670
1442536532
1442710088
1442773743
1443143188
1443261887
1443285315
1443464570
1443613714
1443613715
1443625095
1443634040
1443666926
1443666932
1443669704
1443723056
1443747932
1443853892
1444134873
1444170073
1444193524
1444211787
1444443563
1444605575
1444647610
1444908687
1444947562
1445093742
1445247246
1445313712
1445555315
1445670554
1445761206
1445824811
1445869768
1445990834
1446028939
1446172894
1446233385
1446233390
1446235247
1446235249
1446278444
1446309765
1446352436
1446388085
1446638811
1446776624
1446791775
1446879142
1446888905
1446907515
1447081978
1447330704
1447539188
1448022967
1448183660
1448222426
1448257016
1448798283
1448800668
1448919329
1448956988
1449028885
1449117170
1449176306
1449242646
1449375131
1449537557
1449539029
1449559488
1449559492
1449572399
1449609086
1449861289
1449889377
1450005024
1450084231
1450084960
1450321337
1450351767
1450422522
1450552086
1450724280
1450883604
1451030584
1451041994
1451057131
1451260542
1451396871
1451401153
1451463691
1451464413
1451594644
1451635588
1451635757
1451635987
1451749554
1451856375
1451859559
1451981659
1452033187
1452210695
1452225398
1452262366
1452284584
1452409605
1452682700
1452688410
1453042244
1453084927
1453086724
1453092061
1453162392
1453282513
1453342107
1453382686
1453572783
1453957944
1454076101
1454203361
1454224158
1454420881
1454429587
1454545780
1454566946
1454611659
1454625643
1454649258
1454704038
1454722927
1454730043
1454893957
1454959067
1455067998
1455462931
1455485876
1455767815
1455787103
1456021713
1456234968
1456286877
1456341437
1456352914
1456362073
1456407220
1456446095
1456446167
1456486676
1456728664
1456782294
1456908821
1456991489
1456991497
1457099754
1457113272
1457289840
1457408858
1457628502
1457713915
1457746857
1457932485
1457980175
1458058538
1458134829
1458160303
1458220433
1458272335
1458495393
1458833662
1458966839
1458981960
1459023707
1459161841
1459164697
1459678124
1459722976
1459744888
1459965853
1460024856
1460126897
1460165369
1460541605
1460656959
1460681775
1460682363
1460889799
1460930870
1461074884
1461103379
1461124855
1461380386
1461411044
1461624307
1461760847
1462081840
1462201604
1462313594
1462650934
1462808599
1462944484
1463285888
1463288624
1463451619
1463693136
1463788661
1464143953
1464149640
1464169985
1464389130
1464475735
1464494196
1464521685
1464601474
1464632951
1464725320
1464802632
1464806480
1470154871
1470189918
1470491056
1470773578
1471064193
1471129312
1471371667
1471780839
1471958765
1472064671
1472124942
1472131195
1472178723
1472307915
1472337668
1472433059
1472577555
1472624646
1472769379
1472826810
1472877722
1472946255
1473192191
1473416371
1473465758
1473479599
1473552803
1473560238
1473615924
1473704094
1473886706
1473895390
1474020978
1474146255
1474155880
1474157955
1474162101
1474162243
1474489384
1474621868
1474621905
1474643119
1474643132
1474643145
1474644158
1474673660
1474965637
1475124792
1475319299
1475319715
1475677594
1475737616
1475739400
1475739401
1475758749
1475934541
1476206740
1476239783
1476462039
1476838899
1476879471
1476948932
1477144528
1477224211
1477285956
1477286595
1477320048
1477342781
1477476630
1477539203
1478047850
1478114234
1478195350
1478626435
1478709068
1478713594
1479221859
1479288722
1479498573
1479702535
1479920385
1479962539
1480088992
1480095069
1480146845
1480251630
1480252422
1480329206
1480350899
1480355664
1480553180
1480560252
1480591978
1480715333
1465103337
1465274755
1465406981
1465462016
1465575275
1465591091
1465639085
1465639455
1465843519
1465880269
1466004426
1466045891
1466242414
1466284591
1466303749
1466595872
1466791885
1466897795
1466953210
1466963184
1467107932
1467250218
1467363772
1467438073
1467444619
1467815414
1467821151
1467865592
1467897311
1467948248
1468114202
1468158941
1468192805
1468244459
1468270651
1468331218
1468354814
1468777711
1468777715
1468778718
1468935947
1468957767
1469242297
1469348415
1469438026
1469528509
1469601898
1469721603
1469797543
1485850351
1486058274
1486060197
1486060211
1486106983
1486112683
1486264538
1486495231
1486597870
1486774524
1487243818
1487488966
1487524051
1487738251
1487780756
1487946556
1488287084
1488291691
1488294593
1488303544
1488560917
1488792290
1488849064
1489034110
1489064589
1489304620
1489342321
1489366404
1489664788
1489664854
1489666363
1490071239
1490700717
1490703397
1490707048
1480879799
1481101311
1481238790
1481246450
1481472910
1481478220
1481623697
1481643224
1481705135
1481903068
1482167547
1482169388
1482173755
1482367927
1482925175
1483125221
1483210942
1483270397
1483338708
1483391358
1483442201
1483522399
1483654218
1483721111
1483802104
1483891561
1484104812
1484191828
1484424276
1484464456
1484777413
1484830970
1484951227
1485016147
1485072633
1485149980
1485336629
1485809896
1485815269
1490950826
1491066971
1491067376
1491237696
1491495190
1491495825
1491836774
1491902754
1492017442
1492275960
1492334822
1492891086
1492964640
1492968204
1493456942
1493894658
1493898341
1494166412
1494252483
1494261704
1494458335
1494525009
1494536044
1494588309
1494660482
1494746586
1494813249
1495093451
1495134277
1495415444
1495496315
1495784817
1495794291
1495827509
1495881305
1495985115
1496064259
1806965852
1806995659
1807083201
1807213821
1807381939
1807404630
1807535892
1807565073
1807608728
1807637322
1807726235
1807775595
1807891673
1807901896
1807997672
1808084702
1808232302
1808244150
1808294697
1808306710
1808326361
1808326623
1808328058
1808328503
1808354518
1808388545
1808446350
1808466361
1808474968
1808475040
1808534367
1808552088
1808600177
1808651728
1808858874
1808875293
1808955816
1809016277
1809173948
1809517473
1809696037
1809712889
1809740739
1809763159
1809938285
1810021921
1810066956
1810066957
1810066961
1810186163
1810186168
1810187929
1810249390
1810299654
1810305387
1810352280
1810579035
1810579037
1810579073
1810772499
1810877580
1810940032
1811047425
1811056516
1811062982
1811130111
1811317317
1811400283
1811445719
1811488395
1811495494
1811582655
1811730373
1811881355
1812008492
1812008612
1812045518
1812094087
1812238701
1812239209
1812316676
1812489698
1812654102
1501413074
1501420899
1501447963
1501506742
1501530068
1501639416
1501661547
1501684853
1501745797
1803443499
1803516409
1803629615
1803847164
1803847862
1803847863
1803847865
1803963146
1804011881
1804102575
1804199289
1804614734
1804630026
1804797118
1804896969
1804984317
1804987342
1804987373
1805172349
1805313118
1805313120
1805313121
1805372258
1805396055
1805543348
1805620091
1805639523
1805853362
1805880426
1805891701
1805892028
1805892032
1805894284
1805999761
1806084095
1806084141
1806095814
1806171979
1806187768
1806303555
1806324453
1806336043
1806341987
1806376078
1806529138
1806688500
1806926338
1806940557
1806953690
1806953786
1812782544
1812840039
1812953880
1812954450
1813066124
1813066326
1813081266
1813142367
1813159156
1813278121
1813304488
1813312517
1813454565
1813557642
1813794834
1813816920
1813817418
1813818739
1813818742
1813818750
1814081142
1814085982
1814086147
1814086239
1814120813
1814162747
1814430459
1814430805
1814698463
1814798280
1814798370
1814930102
1815030611
1815032783
1815122927
1815309078
1815341568
1815357121
1815583901
1815692785
1815768282
1815901850
1816000254
1816107082
1816570127
1816625764
1816837919
1816838227
1816889973
1816928986
1817019628
1817136355
1817140939
1817386810
1817762859
1817868087
1818014512
1818081804
1818178301
1496585439
1496664369
1496665762
1496684311
1496774521
1496774547
1496776212
1496776236
1496822949
1496828999
1497146954
1497163025
1497439666
1497521439
1497523355
1497523357
1497523366
1497523374
1497523379
1497575649
1497740707
1497780012
1497855310
1497918206
1497981513
1498108477
1498171927
1498286114
1498342267
1498379075
1498505997
1498506004
1498506307
1498506335
1498611583
1498623045
1498629887
1498723813
1498892428
1498977825
1498983530
1499014276
1499093914
1499255270
1499290107
1499297916
1499419055
1499423024
1499510676
1499510761
1499518662
1499596185
1499690553
1499751774
1499772045
1499793073
1499892291
1499970148
1500029349
1500151496
1500197268
1500390608
1500391520
1500391541
1500391542
1500412904
1500569811
1500848233
1500999688
1501235949
1818450309
1818488109
1818501763
1818612828
1818663600
1818887437
1818979572
1819086509
1819100221
1819137868
1819313166
1819636320
1819831917
1820314965
1820337811
1820383560
1820471765
1820602427
1820643403
1820755016
1820818894
1820919333
1821021772
1821234186
1821357290
1821688853
1821726196
1821742568
1821829167
1821856626
1821874095
1822031017
1822038551
1822082780
1822203789
1822315820
1822620962
1822726164
1822805249
1822805607
1823007762
1823054084
1823070197
1823071006
1823103666
1823241008
1823356122
1823432139
1823485320
1823811479
1823970220
1823973011
1830225972
1830705768
1830720379
1830729724
1830730107
1830734142
1830734701
1830735300
1830735597
1830735682
1830735966
1830737733
1830737820
1830741036
1830743661
1830743933
1830744849
1830744961
1830745235
1830745318
1830753136
1830754377
1830754383
1830757642
1830784546
1830839846
1831210155
1831236974
1831241654
1831242197
1831294963
1831400693
1831407014
1831409174
1831418239
1831419386
1831425946
1831433166
1831433167
1831433545
1831436590
1831446001
1831447861
1831448677
1831453068
1831459326
1831459551
1831459604
1831460103
1831460126
1831467282
1831467356
1831467368
1831474559
1831475798
1831487425
1831504253
1831657866
1831759323
1831766426
1831766583
1831768246
1831768760
1831769361
1831770113
1831772388
1831773597
1831786387
1831794983
1831802045
1831803015
1831803136
1831805166
1831807066
1831812357
1831820550
1832532837
1832773874
1833056031
1833084091
1833176477
1833207632
1833207663
1833285749
1833436049
1833475546
1824488678
1824548057
1824784682
1824801359
1824875296
1825155408
1825470440
1825493765
1825667781
1825971805
1826228778
1826277104
1826307499
1826987938
1826990569
1826992895
1826994773
1826996462
1827001694
1827002161
1827003537
1827009013
1827009604
1827064847
1827153079
1827310234
1827449112
1828026086
1828237562
1828583799
1828793046
1828793370
1829056305
1829057138
1829057568
1829057625
1829058639
1829058828
1829058829
1829058874
1829058962
1829059701
1829061727
1829124725
1829768997
1829850071
1830066600
1830085780
1830132775
1833790561
1833792773
1833827792
1833846310
1833853372
1833891376
1833962975
1833994829
1833994861
1834118074
1834124237
1834205566
1834283096
1834325762
1834435719
1834571833
1834619488
1834629598
1834748350
1834758221
1835096760
1835122771
1835551822
1835638165
1835714180
1835855811
1835881918
1836096379
1836108203
1836108588
1836113870
1836114319
1836114575
1836114897
1836117093
1836117209
1836117647
1836117930
1836118083
1836124865
1836523397
1836533961
1836669133
1836825952
1837010106
1837114904
1837168059
1837256378
1837327951
1837490246
1837538530
1837744709
1837900924
1838013482
1838218624
1838429556
1838461483
1843149600
1843672390
1843698934
1843943102
1843944000
1843944192
1843958154
1844116777
1844440092
1844478886
1844506596
1844562375
1844695386
1844709469
1844714295
1845113039
1845311315
1845467662
1845553881
1845668860
1845676697
1845775678
1845826379
1846014476
1846139438
1846190732
1846533075
1846533082
1846646534
1846777018
1847243853
1847326096
1847435281
1847521457
1847715012
1847753653
1847761403
1847982007
1848194089
1848204900
1848231731
1848232738
1848232739
1848232741
1838537390
1838581595
1838667881
1839001238
1839071841
1839140780
1839174597
1839259635
1839369188
1839427913
1839553516
1839560526
1839708512
1840450583
1840482747
1840651598
1840666627
1840700016
1840743456
1840980719
1840998225
1840998500
1841222070
1841239403
1841239407
1841253532
1841305809
1841350828
1841369002
1841435547
1841441761
1841521017
1841987953
1842023289
1842042795
1842060397
1842102768
1842115626
1842227835
1842365974
1842488843
1842766748
1842767561
1842966062
1843015206
1854420516
1854421398
1854450311
1854645325
1854672205
1854759997
1854901037
1855036723
1855071679
1855222295
1855400331
1855656501
1855739286
1856318955
1856318957
1856320827
1856337498
1856395157
1856616452
1856728513
1856760665
1856778986
1856779452
1856801669
1857038952
1857267953
1857630559
1857916989
1857916990
1857997070
1858065352
1858149967
1858165741
1858183351
1858886871
1858915108
1859178955
1859255727
1859425576
1859494368
1859504630
1859604400
1859621340
1859621341
1859630694
1859801490
1848630191
1848855974
1849013048
1849056690
1849112086
1849353591
1849432700
1849433532
1849692097
1849825723
1849954090
1850051842
1850168736
1850240095
1850263924
1850321305
1850730501
1851032372
1851356582
1851408167
1851411976
1851496097
1851659653
1851915504
1852027037
1852036106
1852086408
1852196118
1852309594
1852309595
1852314719
1852314729
1852314730
1852418354
1852509743
1852600105
1852762110
1852762841
1852762844
1852762858
1852762874
1852943312
1852968189
1853173026
1853239662
1853242262
1853305366
1853386142
1853696530
1853729974
1853733460
1853795098
1853811022
1853828483
1853884220
1853956254
1853975042
1854326577
1859897482
1859897483
1859907064
1859954221
1860039462
1860135929
1860155717
1860273305
1860310179
1860541718
1860614598
1860661902
1860799614
1860834794
1860841540
1861380338
1861617207
1861617364
1861630124
1861632811
1861632812
1861651696
1861715406
1862376820
1862586170
1862639819
1862710475
1862852263
1863403504
1863485214
1863623907
1863981880
1864234388
1864280234
1864429429
1864565195
1864565780
1864698492
1864789443
1864952589
1865021890
1865236572
1865383109
1865730091
1865898517
1866026050
1866042437
1866180834
1866508644
1866549064
1866707817
1866808318
1867023326
1867084350
1867132755
1867162624
1867210211
1867217766
1867244198
1867463860
1867849110
1867928485
1868159794
1868168700
1868203079
1868385071
1868386347
1868488798
1868580145
1868771207
1868874994
1869049038
1869085087
1869139240
1869210596
1869267499
1869545395
1869548967
1870129027
1870225780
1870546527
1870563074
1870573357
1870580212
1870687092
1870865760
1870879319
1871216575
1871959365
1872248897
1872326917
1872392337
1872682055
1872712782
1872830531
1872867098
1872930613
1873048515
1873049720
1873107569
1873324188
1873326893
1873326895
1873407195
1873516148
1873551682
1873754239
1873754243
1873855961
1873876294
1873971961
1873972351
1874099014
1874229405
1874353307
1874884844
1874895765
1874908297
1874954348
1874972712
1875266269
1875268926
1875624621
1875941511
1875955353
1876002231
1876064143
1876100097
1876116226
1876246939
1876281499
1876428405
1876437947
1876716432
1876756388
1876890862
1877014518
1877014520
1877017105
1877027200
1877030558
1877070976
1877071135
1877100390
1877114345
1877233522
1877342067
1877376361
1877558160
1878069282
1878071325
1878073783
1878315329
1878581455
1878620327
1878797072
1878844176
1878868288
1878880863
1878908080
1878915631
1878928519
1878990248
1879005664
1879047610
1879051458
1879051461
1879108727
1879387251
1879525581
1879634364
1879680138
1879732188
1879809339
1879822151
1879965690
1880007340
1880151536
1880173591
1880181723
1880216159
1880295409
1880435255
1880645984
1880847185
1880847194
1880847207
1880849689
1880849691
1880849699
1880855946
1881355340
1881414458
1881729540
1881756474
1881759872
1881977987
1882104177
1882127180
1882129066
1882318328
1882397509
1882397534
1882397564
1882397565
1882397579
1882399654
1882399662
1882444900
1882639178
1882860790
1883268690
1883408155
1883441463
1883453707
1883483394
1883571439
1883577809
1883690481
1883750028
1884117024
1884121988
1884272494
1884368783
1884468547
1884656300
1884809176
1884829784
1884849405
1884860696
1885117159
1885117173
1885118991
1885176079
1885447455
1885800438
1885910509
1886308310
1886371886
1886665235
1886776247
1887019798
1887115612
1887160589
1887200324
1887269086
1887298514
1887328226
1887439185
1888153062
1888667608
1888701689
1888749091
1888804758
1888864240
1888864256
1888864257
1888864265
1888864266
1888867938
1888867949
1888867954
1888867955
1888867956
1888874634
1888902753
1888905694
1888915600
1889205264
1889328373
1889339039
1889492218
1889542477
1889758138
1889799379
1889888780
1890149843
1890219532
1890219533
1890239972
1890285449
1890373833
1890454667
1890463883
1890529316
1890714091
1890733196
1891167816
1891167841
1891167880
1891167883
1891169712
1891169736
1891169742
1891169777
1891169792
1891169797
1891169808
1891169831
1891169852
1891188426
1891208941
1891387205
1891531005
1891769151
1892031671
1892034403
1892103256
1892103825
1892200831
1892286810
1892343290
1892377726
1892481532
1892556014
1892968386
1892998411
1893122386
1893127742
1893158562
1893183574
1893260696
1893266191
1893565837
1893862131
1893868641
1893891522
1894026287
1894084518
1894146514
1894195692
1894292642
1894320268
1894374662
1894628512
1894702768
1894717980
1894742015
1894873996
1894916308
1895081222
1895130862
1895165591
1895314394
1895322278
1895365367
1895368959
1895372984
1895568852
1895686616
1895801539
1895815123
1896115893
1896251975
1896284124
1896444915
1896493227
1896571045
1896571381
1897016457
1897113462
1897154962
1897351413
1897365673
1897758499
1897799864
1897819833
1897928759
1897961400
1897992802
1898032653
1898257610
1898565396
1898598640
1898637201
1898689809
1898855202
1899113991
1899177184
1899521702
1899655707
1899679617
1899981545
1900009600
1900093843
1900166256
1900350758
1900520656
1900707330
1900808386
1901109775
1901283048
1901283567
1901296776
1901535130
1901682447
1901736390
1901946230
1902131387
1902204614
1902215069
1902252102
1902295487
1902362806
1902516136
1902568968
1902622232
1902653318
1902670014
1902687013
1902758087
1902893845
1903089246
1903389424
1903469304
1903976950
1904015777
1904045770
1904192384
1904831431
1904961969
1905021809
1905176248
1905435243
1905811568
1906309157
1906330558
1911772094
1911848706
1911868589
1911963166
1912294370
1912427769
1912490058
1912491665
1912666404
1912698765
1912967854
1912986064
1913205563
1913266979
1913284592
1913299856
1913300057
1913650210
1913841019
1913866994
1914027107
1914539233
1914674172
1914674346
1914679117
1914681447
1914684595
1914685463
1914832688
1914856001
1914993020
1915094084
1915134755
1915248056
1915248210
1915248264
1915249415
1915249513
1915260219
1915261236
1915263811
1915493967
1915516154
1915561458
1906454350
1906503326
1906515508
1906568301
1906824814
1906909529
1906968692
1907241231
1907267242
1907268720
1907302933
1907462482
1907750966
1907818593
1907829787
1907833215
1907884973
1908081424
1908083121
1908127754
1908392914
1908650867
1908957709
1908998713
1909136685
1909139648
1909248339
1909339376
1909386496
1909414208
1909522922
1909569888
1909590462
1909726394
1909727545
1909749637
1909814194
1909832379
1909984159
1910183601
1910225192
1910425724
1910473542
1910623552
1910877628
1911111558
1911184425
1911191806
1911198850
1911310506
1911311091
1911425970
1911429839
1911452478
1915700974
1915811474
1916463494
1916464921
1916530193
1916632925
1916699443
1917044199
1917129657
1917138932
1917322832
1917328742
1917363820
1917380040
1917487357
1917736706
1917844129
1917852233
1918130489
1918347013
1918443223
1918477385
1918650503
1918900518
1918958119
1919134278
1919142900
1919322135
1919555788
1919652578
1919796596
1920339932
1920340314
1920363219
1920363308
1920371673
1920534184
1920562802
1920606151
1920658259
1920701110
1920726505
1920756484
1920784999
1920976243
1921593658
1921920003
1921927288
1921935048
1921938646
1922120732
1922135476
1922145577
1922341511
1922415821
1922468169
1922486480
1922583465
1922602401
1922701695
1922966205
1923133670
1923160537
1923184888
1923722248
1923956349
1924018044
1924114332
1924117242
1924245718
1924266109
1924295212
1924456929
1924483974
1924574967
1924575044
1924765417
1924794277
1924875793
1924883994
1925100678
1925262041
1925396823
1925476537
1925500681
1925528291
1925574040
1925582075
1925654940
1925708244
1925712051
1925755350
1925781975
1925816770
1925839197
1925963034
1926290343
1926301447
1926336532
1926352401
1926403408
1926472915
1926622898
1926660829
1926842166
1926873649
1927049477
1927084533
1927088111
1927099917
1927169106
1927231651
1927232568
1927233895
1927234527
1927368612
1927368613
1927368614
1927368617
1927368620
1927368622
1927372005
1927372006
1927372007
1927372008
1927372009
1927372011
1927372013
1927372014
1927402478
1927422043
1927467674
1927472027
1927476546
1927491783
1927829515
1927919529
1927924929
1928174922
1928223599
1928329190
1928396402
1928403045
1928420695
1928483728
1928685874
1928690235
1928741506
1928857203
1928979160
1929010216
1929036065
1929093477
1929140179
1929271873
1929290646
1929298706
1929710846
1929739410
1929798030
1929982674
1930058155
1930288629
1930307905
1930330170
1930480290
1935613660
1935704604
1935735370
1935862873
1935906490
1935989435
1935996862
1936061695
1936073319
1936078130
1936092698
1936199804
1936336552
1936357331
1936571607
1936602674
1936835241
1936934118
1936975624
1937068364
1937096193
1937105542
1937168686
1937208078
1937270284
1937307221
1937337820
1937340367
1937372851
1937455840
1937506314
1937732354
1937762848
1937786145
1937951539
1938049567
1938061026
1938083064
1938178116
1938205778
1938252443
1938292142
1938296056
1938296827
1938315233
1938363322
1938618421
1938664126
1938733034
1938849995
1938862336
1938902371
1939030176
1939074369
1939215517
1939352102
1939409228
1939474420
1939524845
1930537034
1930678485
1930687269
1931023702
1931262830
1931292966
1931317462
1931410909
1931469294
1931511469
1931526844
1931647519
1931670350
1931680649
1931875791
1931994283
1932080748
1932089683
1932144016
1932198958
1932211568
1932379731
1932493485
1932524296
1932593070
1932683020
1932694074
1932701913
1932734623
1932786233
1932876675
1932886543
1932897821
1933263161
1933549498
1933549500
1933552947
1933552948
1933552951
1933585420
1933703326
1933776482
1933831622
1933874772
1933914703
1933915376
1933920019
1933920021
1933920022
1933922967
1933922971
1933952568
1933990783
1933997277
1934010087
1934338027
1934451068
1934526805
1934577518
1934735780
1934851137
1934915276
1934934076
1939676896
1939721553
1939763110
1939770737
1939849187
1939878025
1940050948
1940106238
1940226168
1940306907
1940334604
1940336922
1940344113
1940376172
1940404104
1940408791
1940497608
1940566921
1940891618
1940955775
1940989434
1941280317
1941325110
1941330888
1941348337
1941362417
1941520318
1941553477
1941704981
1941856780
1941889798
1941963749
1941990933
1942079808
1942139617
1942293929
1942334136
1942366869
1942370151
1942401745
1942501530
1942642369
1942642375
1942713027
1942740685
1942878597
1942885780
1942920974
1943114935
1943161731
1943241353
1943784671
1943797246
1943957535
1943964490
1944034109
1944123716
1944334706
1944727785
1944804435
1945038004
1945046972
1945067141
1945093168
1945240969
1945242146
1945447694
1945447698
1945974057
1946156871
1946158768
1946217575
1946268004
1946320734
1946322486
1946475183
1946506902
1946510344
1946525066
1946585503
1946812563
1946818317
1946819306
1946819309
1947030192
1947030209
1947035747
1947035779
1947035808
1947035869
1947059436
1947085649
1947107589
1947113003
1947117305
1947134859
1947158068
1947198812
1947208581
1947225837
1947385776
1947400442
1947444886
1947467490
1947492037
1947592155
1947604193
1947639628
1947645901
1947667210
1947671652
1947775642
1947931897
1947957510
1948007389
1948078284
1948108383
1948191368
1948200066
1948202712
1948228699
1948267122
1948277210
1948294666
1948294668
1948388726
1952371420
1952473939
1952510741
1952558976
1952624814
1952806491
1952813655
1952813658
1952819559
1952833200
1952833600
1952834352
1952834357
1952838646
1952874130
1952952602
1953274089
1953696921
1953864289
1953864294
1953873776
1954030251
1954066851
1954124953
1954223039
1954329095
1954349372
1954382626
1954459534
1954625702
1954687958
1954696408
1954829703
1954924353
1954929879
1954943462
1954946740
1954954129
1954957361
1954964183
1954965641
1954965657
1954972138
1954998271
1955039633
1955064427
1955197051
1955204537
1955269220
1955286780
1955376499
1955389210
1955423798
1955426508
1955462801
1955581918
1955613321
1955682036
1955702685
1955954579
1956038048
1956064746
1956128820
1956278686
1956302065
1956541078
1956541079
1948521493
1948673313
1948762767
1948817514
1948817707
1948832715
1948968158
1948968184
1948968561
1948985201
1948991301
1949040124
1949075851
1949135265
1949220451
1949275985
1949313240
1949491431
1949663095
1949699477
1949706681
1949730482
1949830467
1949975568
1950054224
1950085051
1950142946
1950166372
1950332483
1950336719
1950345110
1950497228
1950614472
1950623508
1950825587
1950897620
1951019339
1951079765
1951133032
1951165238
1951284011
1951474864
1951494327
1951559963
1951719819
1951775775
1951788951
1951910732
1951930028
1951930337
1952020941
1952160188
1952267065
1952287413
1952303935
1952358155
1956543011
1956658063
1956767144
1956794968
1956810237
1956892521
1956908654
1956927131
1956990103
1957032376
1957279262
1957344271
1957429043
1957433536
1957492947
1957502392
1957535624
1957560926
1957782205
1957920200
1957945202
1958121913
1958148461
1958187016
1958220188
1958227689
1958253961
1958384591
1958405383
1958654447
1958664993
1958683818
1958727599
1958754908
1958793166
1958817957
1958836786
1958837137
1958934565
1958981039
1958981873
1959126474
1959134538
1959152227
1959159707
1959180557
1959190717
1959190791
1959190792
1959191280
1959207180
1959217163
1959234814
1959329222
1959359750
1959410297
1959457526
1959485001
1959694871
1959851517
1959901735
1959980438
1960059692
1960069757
1960136292
1960185159
1960267822
1960300439
1960384347
1960396513
1960396518
1960396521
1960396582
1960396592
1960396593
1960396594
1960397400
1960397410
1960403633
1960403945
1960404046
1960404075
1960404285
1960404286
1960404329
1960404336
1960404337
1960404594
1960405875
1960405879
1960405887
1960412589
1960415706
1960424233
1960424246
1960425091
1960425106
1960619734
1960624529
1960645817
1960645864
1960672246
1960673249
1960708489
1960965857
1960989513
1961006625
1961016999
1961032753
1961078444
1961093052
1961143721
1961175419
1961231553
1961271737
1961279098
1961298272
1961441449
1961454454
1961486191
1961511193
1961533788
1961561454
1961601414
1961628604
1961694241
1961763273
1961853671
1962060364
1962171950
1962191905
1962272795
1962445444
1962519608
1962556941
1962600810
1962627919
1962705432
1962707814
1963029229
1963064394
1963176984
1963211484
1963213163
1963213974
1963378694
1963379068
1963499042
1963514774
1963654951
1963660383
1963754033
1964032769
1964056503
1964295128
1964366148
1965034293
1965068762
1965073109
1965107350
1965107351
1965107352
1965107422
1965107441
1965107442
1965107447
1965107448
1965107459
1965108056
1965108122
1965108124
1965108129
1965108135
1965108144
1965108159
1965108160
1965108163
1965108164
1965108165
1965108176
1965138352
1965304429
1965369456
1965400223
1965439628
1965537576
1965593573
1965603760
1965608375
1965687934
1965740189
1965762279
1965811767
1966084920
1966095348
1966196983
1966198162
1966399373
1966411486
1966558526
1966824533
1966850260
1966854189
1966869532
1966879563
1966889776
1967118633
1967128316
1967141104
1967450332
1967498036
1967771949
1968032170
1968035768
1968053551
1968270354
1968272089
1968316656
1968343735
1968390518
1968561310
1968584689
1968599553
1968646188
1968773532
1968781675
1968781756
1968791360
1968796321
1968976514
1969022727
1969067946
1969148145
1969309355
1969384050
1969510653
1969530516
1969576608
1969615099
1969626476
1969626884
1969714867
1969841316
1969873755
1969874371
1969891570
1970069593
1970076061
1970076801
1970077315
1970304027
1970324585
1970391631
1970542508
1970659836
1970810118
1970869202
1970869267
1970892113
1970914757
1970973216
1971055879
1971113822
1971136555
1971190557
1971256135
1971266695
1971398584
1971439248
1971444375
1971444527
1971445477
1971515920
1971557504
1971659843
1971708616
1971747703
1971857186
1971974955
1972004497
1972018590
1972056206
1972245013
1972261165
1972267487
1972418609
1972452961
1972481775
1972485313
1972569260
1972615430
1972763341
1973019660
1973223364
1973360513
1973363559
1973368875
1973387272
1973472115
1973472119
1973484529
1973623606
1973673109
1973864157
1973873166
1973913787
1974146645
1974220757
1974221156
1974224047
1974391626
1974402865
1974403336
1974405013
1974416887
1974647510
1974698351
1974768164
1974787828
1974800156
1974952682
1975053858
1975078131
1975181991
1975203713
1975290447
1975650847
1975744771
1975753397
1975807075
1981301644
1981325716
1981326264
1981327161
1981495318
1981497824
1981517397
1981517398
1981517413
1981517429
1981519220
1981523102
1981524509
1981527699
1981534844
1981546310
1981547521
1981557398
1981589206
1981612220
1981628413
1981636129
1981638319
1981759464
1981784123
1981843103
1981847069
1981847209
1981858636
1981894631
1982306603
1982719712
1982737617
1982752749
1982758242
1982758288
1982759230
1982759278
1982759279
1982759339
1982759340
1982759341
1982763983
1982946102
1982950629
1982994896
1983002959
1983009007
1983009129
1983010657
1983010727
1983010881
1983011010
1983016386
1983017323
1983109392
1983133666
1983157931
1983167411
1983167525
1983174602
1983176656
1983177246
1983185943
1983189096
1983189158
1983192142
1983200768
1983200847
1983269070
1983444003
1983501304
1983506884
1983571247
1983579076
1983690885
1983727209
1983727540
1983792766
1984045303
1984256128
1984320976
1984364469
1984391220
1984391278
1984496408
1984531722
1984593561
1984594175
1984605285
1984723840
1984888642
1985010538
1985071683
1985072824
1985183253
1985359595
1985363636
1985398580
1985421283
1985494939
1985499206
1985561630
1985713934
1985758753
1985933247
1985969361
1985969510
1986183513
1986281361
1986484147
1986506340
1986649579
1986681169
1986709123
1986720019
1986907862
1986970681
1987110618
1987313041
1987545526
1987776969
1987894291
1987921847
1987994793
1988202864
1988232089
1988365082
1988383862
1976243314
1976324892
1976360691
1976511429
1976564914
1976739344
1976792568
1977017152
1977095360
1977142633
1977269491
1977402721
1977424312
1977503482
1977530186
1977810295
1977829841
1977899873
1978036723
1978107525
1978258626
1978260557
1978260558
1978384809
1978555093
1978593877
1978657330
1978660777
1978693373
1978698047
1978876872
1979219515
1979266514
1979304590
1979321380
1979327724
1979344385
1979366306
1979413532
1979417838
1979541942
1979585223
1979618737
1979719500
1979753675
1979977609
1979986875
1980337835
1980437275
1980522769
1980549966
1980633215
1980732838
1980741973
1980767138
1980767140
1980780186
1980780253
1980994538
1980995439
1981038881
1988540915
1988540916
1988615725
1989011961
1989084660
1989336579
1989344464
1989346381
1989423797
1989430006
1989479877
1989481989
1989510805
1989560988
1989593897
1989631101
1990105537
1990105538
1990107579
1990108899
1990109769
1990110101
1990114097
1990143903
1990180238
1990204536
1990484045
1990544880
1990651251
1990651253
1990905750
1991056669
1991300814
1991309131
1991355669
1991707898
1991801101
1991835721
1992030568
1992034569
1992074293
1992083081
1992358181
1992577486
1992698886
1992938580
1992997399
1993000856
1993100543
1993111001
1993143434
1993325545
1993349598
1993432842
1993525055
1993733911
1994005286
1994176925
1994328481
1994416329
1994477687
1994543172
1994762250
1994784443
1994834581
1994851602
1994859227
1995117610
1995174272
1995328539
1995482433
1995508460
1995835369
1995843304
1995874198
1995874408
1995929132
1995929984
1996021679
1996035482
1996044185
1996127704
1996221510
1996298007
1996364437
1996383709
1996406495
1996424115
1996534319
1996608915
1996654016
2001639829
2001687595
2001741506
2001883184
2002045859
2002313610
2002336023
2002346125
2002356268
2002431491
2002443991
2002492680
2002523967
2002536309
2002672207
2002675104
2002676135
2002712975
2002721760
2002993827
2002993828
2003164088
2003286355
2003294791
2003322545
2003357651
2003368185
2003621098
2003645289
2003655810
2003656469
2003702379
2003854756
2003918508
2003941165
2004007990
2004349292
2004494419
2004584569
2004658384
2004667954
2004675670
2004730741
2004812352
2004913107
2005010699
2005078579
2005189460
2005190306
2005231096
2005246464
2005250226
2005311941
2005523855
2005544408
2005574298
2005578221
2005705972
2005783727
2005812597
2005993228
2005993578
2005994195
2006038272
2006166078
2006196078
2006204662
2006352556
2006426195
2006448864
2006463014
2006463040
2006465646
2006625752
2006742854
2006746476
2006746480
2006747853
2006747976
2006820757
2006870355
2007028348
2007034377
2007051942
2007096666
2007335651
2007381434
2007591553
2007861279
2007905303
2007969174
2007974662
2007974993
2007985520
2008165576
2008231742
2008301681
2008301717
2008521286
2008559324
2008585099
2008675515
2008770202
2008789204
2009053990
2009094204
2009219398
2009258212
2009499807
2009562516
2009566212
2009632136
2009757423
2009787820
2009911649
2009914816
1996896352
1997145797
1997193516
1997309646
1997443475
1997460847
1997517140
1997544606
1997546098
1997548649
1997768813
1997803187
1997815248
1997823483
1998047903
1998059038
1998289377
1998353049
1998354608
1998479523
1998481714
1998664800
1998666340
1998675842
1998705905
1998832216
1998832990
1998938646
1998942351
1998971176
1999094579
1999099931
1999099933
1999131115
1999334212
1999376261
1999428598
1999582361
1999584982
1999597229
1999613319
1999625884
1999753093
1999841515
1999863011
1999883171
1999900674
2000106056
2000179232
2000333037
2000390068
2000414741
2000415759
2000580393
2000580395
2000581257
2000668606
2000699161
2000726489
2000774523
2000820134
2000881766
2000882405
2001036370
2001137497
2001290843
2001370746
2001370793
2001386965
2001468932
2001535782
2001549784
2010122559
2010247887
2010539872
2010644399
2010789614
2010957326
2011157476
2011387432
2011394079
2011596200
2011668261
2011836617
2011869676
2011905070
2012119453
2012152365
2012160407
2012222362
2012264256
2012438401
2012483405
2012654352
2012752061
2012783208
2012833935
2012936736
2013026167
2013029323
2013101472
2013159316
2013160169
2013275501
2013279944
2013526289
2013678511
2013691389
2013742015
2013805632
2013864420
2013870113
2013950597
2014167592
2014364579
2014591244
2014679308
2014692563
2014810478
2014810482
2014810485
2014810487
2014817185
2014817186
2014817191
2014817194
2014817196
2014817201
2014848926
2014865689
2014901686
2015001195
2015018957
2015019232
2015047009
2015088503
2015389892
2015530927
2015637781
2015656529
2015729493
2015788640
2015928715
2016154304
2016172061
2016354722
2016388197
2016388549
2016520779
2016700540
2016709856
2016729585
2016957704
2017130115
2017227958
2017272513
2017379627
2017411756
2017475378
2017486578
2017832132
2017931482
2017958997
2018145430
2018181997
2018410071
2018414761
2018599035
2018669566
2018752717
2018757634
2018760135
2018938988
2018939139
2019059134
2019059178
2019185527
2019269797
2019279516
2019336824
2019337031
2019525144
2019598734
2019644206
2019838998
2019915611
2019972021
2020101660
2020233715
2020252977
2020266076
2020290667
2020290947
2020382047
2020436280
2020576962
2020593612
2020622482
2020625797
2020735024
2020870666
2020901943
2021087325
2021114911
2021155749
2021178004
2021350066
2021453644
2021642772
2021830360
2021849868
2021849994
2021890987
2022116424
2022239702
2022240324
2022284222
2022289151
2022396169
2022397273
2022495388
2022566977
2022642890
2022703311
2022795612
2022798873
2022841125
2022920245
2022974389
2023022212
2023134683
2023237043
2023293874
2023352679
2023591554
2023624081
2023747805
2023763662
2023894309
2024113835
2024139167
2024219387
2024255923
2024263244
2024279523
2024281977
2024315063
2024330493
2024350707
2024372951
2024473020
2024533465
2024541367
2024582346
2024588874
2024627261
2024644031
2024870112
2024871964
2024895691
2024901551
2025188859
2025257479
2025533834
2025887792
2026043794
2026124516
2026258921
2026276628
2026298532
2026321323
2026812798
2026840441
2026847925
2026872848
2027173991
2027557355
2027687920
2027710788
2027839270
2028021505
2028092516
2028100478
2028229135
2028253465
2028308226
2028318723
2028319492
2028349327
2028386548
2028541215
2028541230
2028549589
2028550592
2028588765
2028669660
2028922728
2028923192
2028946365
2028968187
2028997314
2029086426
2029255079
2029292973
2029362311
2029362504
2029600395
2029619292
2029645370
2029666847
2029889380
2029973414
2030176096
2030454452
2034915576
2034952510
2035369055
2035397803
2035444374
2035622882
2036046014
2036149619
2036235480
2036243231
2036301679
2036331318
2036452244
2036452486
2036453348
2036457280
2036791477
2036818782
2036849449
2036940787
2036940793
2036954029
2037000852
2037218147
2037225358
2037258331
2037904328
2037993321
2038217300
2038267247
2038553643
2038636049
2038725017
2038935289
2039295463
2030500120
2030700881
2030775580
2030775594
2030775600
2030775602
2030777424
2030777427
2030777448
2030777450
2030777452
2030777500
2030779406
2030779423
2030780635
2030780637
2030781242
2030781246
2030781265
2030847974
2030922711
2031608648
2031712789
2031904225
2031909820
2031927203
2031963833
2032038573
2032206092
2032333790
2032408716
2032440727
2032784576
2032788754
2032792040
2033011552
2033130245
2033354959
2033386767
2033431305
2033431414
2033861499
2033878847
2033954352
2034166259
2034174640
2034254608
2034303353
2034330324
2034472766
2034521190
2034565627
2039741854
2039745980
2039905311
2039992778
2040342224
2040463705
2040569868
2040894381
2041056107
2041198788
2041416403
2041438922
2041531532
2041788168
2042022213
2042150621
2042256453
2042270890
2042397881
2042638665
2042919092
2042927445
2042932972
2042997718
2043218731
2043249932
2043453615
2043478184
2043478361
2043544440
2043704414
2043766782
2044010746
2044044350
2044057737
2044347436
2044542071
2044574059
2044752438
2045180239
2045371615
2045474112
2045474466
2045589807
2045664415
2045810212
2045810213
2046487464
2046509947
2046845836
2046933122
2047048974
2047756673
2047788533
2047907145
2047985543
2048317063
2048602714
2048637667
2048651205
2048660979
2048887364
2048895127
2048969894
2049006990
2049079197
2049212551
2049291275
2049303780
2049420888
2049510841
2049512721
2049540645
2049829655
2049874378
2050324995
2050482603
2050604100
2050682924
2050713809
2051073951
2051084523
2051276018
2051311533
2051561938
2051826025
2052092037
2052124155
2052260172
2052302521
2052367991
2052404492
2052454894
2052460560
2053094114
2053099516
2053100690
2053123548
2053335597
2053349600
2053355871
2053634610
2053646965
2053991840
2053999923
2054177362
2054307199
2054733597
2054750268
2055001707
2055140979
2055244130
2055245761
2055306852
2055313175
2055382735
2055864684
2055878310
2056045510
2056111917
2056186813
2056504249
2056725340
2056811636
2057013768
2057024613
2057224547
2057460093
2057461980
2057555497
2057625662
2057797336
2057871741
2058407460
2058429093
2058507774
2058598792
2058922705
2058934230
2059060519
2059139183
2059374421
2059485205
2059576189
2059646316
2060079395
2060160877
2060333476
2060722811
2060731920
2060731968
2060772240
2060783628
2060812469
2060848468
2061025265
2061050237
2061256566
2061293760
2061378105
2061551588
2061551590
2061551591
2061551595
2061551597
2061554706
2061555785
2061555786
2061555787
2061555788
2061555789
2061555791
2061559574
2061663641
2062084809
2062202704
2062225493
2062240370
2062331926
2062449759
2062569995
2062672921
2062679172
2062885470
2062998988
2063009038
2063018690
2063156685
2063217674
2063567749
2063681659
2063778315
2063950076
2064046693
2064111872
2064292992
2064299084
2064411879
2064439639
2064471197
2064487988
2064783099
2064967458
2065120660
2065137526
2065506054
2065878742
2066627707
2066628581
2066670547
2066671165
2066671175
2066671178
2066671179
2066713227
2066741975
2066899343
2066979476
2067126263
2067418056
2067434767
2067451803
2067453732
2067479065
2067506425
2067670130
2067672178
2067877624
2068087035
2068201075
2068263627
2068620043
2068657038
2068782498
2068804905
2068825036
2068979077
2068982861
2068983137
2069020619
2069188612
2069328662
2069595972
2069713612
2070075073
2070352211
2070509197
2071226790
2071238339
2071271770
2071368349
2071994415
2072021940
2072037497
2072339590
2072412654
2072547150
2072640414
2072644224
2072670338
2073232071
2073343087
2073380110
2073418737
2073433119
2073461553
2073475488
2073510355
2073690285
2073703322
2074042113
2074081205
2074221461
2074291948
2074872677
2075062433
2075085188
2075088370
2075114586
2075156576
2075170957
2075210952
2075530809
2075538163
2080449325
2080477031
2080485246
2080506655
2080513378
2080707115
2080744295
2080751156
2080861627
2080932928
2081154070
2081154085
2081241138
2081282909
2081323083
2081324441
2081426926
2081454754
2081476842
2081480991
2081522679
2081807012
2081971068
2081994464
2082278232
2082449990
2082871277
2083222453
2083257243
2083276852
2083291964
2083300932
2083307860
2083351740
2083358904
2083363706
2083375977
2083461893
2083523338
2083623168
2083741794
2083752428
2083755425
2083773346
2083885420
2084178777
2084301784
2084319451
2084345386
2084431370
2084433052
2084469261
2084512663
2084528629
2084531521
2084656461
2084663319
2084847447
2084952250
2085111962
2075568468
2075574000
2075646125
2075674757
2075821153
2075846504
2075919867
2075990764
2076408715
2076539851
2076562063
2076705091
2076723397
2076863409
2076921536
2077020868
2077075588
2077516251
2077527158
2077549055
2077613100
2077791401
2077816523
2077878968
2078053133
2078059297
2078060640
2078060646
2078060814
2078062390
2078065249
2078070066
2078071872
2078076630
2078076901
2078077550
2078079710
2078079741
2078080232
2078080702
2078090495
2078102004
2078144037
2078319448
2078357789
2078357790
2078358739
2078358742
2078358743
2078382437
2078676926
2078851555
2078893322
2078899486
2078935087
2078944609
2078945909
2079217650
2079400040
2079415547
2079473849
2079575708
2079582647
2079585637
2079641784
2079787157
2080090189
2080111430
2080151233
2080178453
2085169022
2085338283
2085341860
2085452744
2085485970
2085537013
2085616725
2085784445
2085882203
2085946240
2086119394
2086154795
2086174102
2086208287
2086373924
2086419779
2086497230
2087017109
2087186400
2087320196
2087411902
2087552422
2087605160
2087610255
2087689170
2087731434
2087751035
2088107815
2088184357
2088298729
2088338373
2088492993
2088759896
2088887669
2089007955
2089207659
2089208532
2089298045
2089777425
2089837649
2089911307
2089931816
2089933332
2089976676
2090020453
2090137584
2090143747
2090253888
2090347159
2090355847
2090387348
2090468871
2090731679
2090752506
2090868102
2090904707
2090922727
2090936603
2090957664
2090985992
2091015894
2091344982
2091672942
2091876014
2091896197
2091937569
2091974677
2091980674
2092034431
2092092176
2092136877
2092222867
2092393821
2092440402
2092487020
2092600180
2093114088
2093235523
2093249629
2093278704
2093298773
2093298984
2093427303
2093483160
2093552876
2093642647
2093682576
2093712189
2093751787
2093839591
2093910774
2093980140
2094102663
2094118430
2094207249
2094325060
2094424898
2094483517
2094488005
2094675561
2094777467
2094817741
2094989522
2095076153
2095190437
2095246551
2095253997
2095281369
2095284169
2095585816
2095622238
2095867667
2095997688
2096161518
2096190893
2096450067
2096457716
2096461808
2096648518
2096882869
2096950085
2097226534
2097460431
2097485206
2097524313
2097594888
2097725094
2097826775
2097850669
2097858505
2097858591
2097906973
2098186082
2098231553
2098336226
2098464099
2098508931
2098509226
2098509368
2098526893
2098571152
2098582528
2098701498
2098811960
2098943330
2099097789
2099219197
2099270151
2099310859
2099310936
2099317936
2099318071
2099359510
2099560293
2099592465
2099611833
2099712742
2099742926
2099787261
2099908190
2099983712
2100290533
2100314467
2100319122
2100332564
2100526327
2100690773
2100703498
2100818867
2101057130
2101067848
2101165819
2101165831
2101166218
2101225953
2101259700
2101260474
2101369401
2101394948
2101409520
2101409535
2101419358
2101422196
2101425120
2101425249
2101425420
2101427044
2101475798
2101693126
2101750575
2101750577
2101784546
2101796731
2101933969
2102095306
2102397958
2102596908
2102684588
2103011013
2103332212
2103389424
2103417299
2103418078
2103817185
2103909366
2104065440
2104108866
2104687390
2104728787
2105039484
2105233881
2105423832
2105453647
2105662366
2105662475
2105669771
2105730043
2111275406
2111487886
2111722723
2111929592
2111929626
2111988580
2111988582
2111988586
2111988588
2111993049
2112323765
2112512190
2112646172
2112752886
2112817859
2112831378
2112952801
2113110073
2113381689
2113418973
2113439640
2113461264
2113713642
2113873264
2113903157
2114030663
2114091634
2114117621
2114447605
2114733661
2114771668
2114791444
2114994649
2115408816
2115494884
2115525551
2115552201
2115739792
2115891040
2116021146
2116493454
2116533072
2116855124
2116856811
2116868629
2117041658
2117053627
2105840274
2106440860
2106670210
2106878333
2107002637
2107101633
2107170685
2107189610
2107352901
2107526838
2107611332
2107648869
2107682790
2107947802
2108220784
2108229565
2108294123
2108320548
2108375158
2108506281
2108811699
2109099969
2109215270
2109631931
2109685246
2109701983
2109904047
2109956001
2110023278
2110023759
2110155211
2110183600
2110276793
2110297497
2110369452
2110775187
2110856852
2110857279
2110966810
2110991381
2117263090
2117369220
2117443060
2117580605
2117590383
2117608396
2117612055
2117776761
2117799749
2117849278
2117857644
2117864900
2118109224
2118148415
2118478982
2118637379
2118725636
2118768321
2118783221
2118835628
2118842361
2118842438
2119204322
2119308504
2119464325
2119828880
2120037502
2120043181
2120083042
2120401027
2120430309
2120526648
2120532936
2120694507
2120701028
2120761381
2120768142
2120841730
2120854665
2120936847
2121159973
2121256259
2121554299
2121556001
2121613587
2121673695
2121728614
2121781191
2121791373
2121831073
2121867164
2121940195
2122016518
2122059286
2122205286
2122263714
2122266590
2122283404
2122283405
2122283406
2122283407
2122283408
2122283410
2122283417
2122283419
2122283420
2122283421
2122283423
2122283429
2122283430
2122283431
2122283433
2122283434
2122283436
2122285993
2122285996
2122286002
2122286004
2122286005
2122286007
2122286019
2122286020
2122286021
2122295114
2122349477
2122370801
2122904012
2122981337
2123663153
2123670777
2123694802
2123695234
2123751604
2123780050
2123841181
2124041727
2124058705
2124115505
2124168182
2124448916
2124544206
2124631325
2124681252
2124699000
2124756079
2125285824
2125598772
2125608015
2125609862
2125620050
2125739104
2125997800
2126022114
2126198660
2126306901
2126626649
2126655614
2126655803
2126813711
2126975320
2127673618
2127872173
2127914029
2127988216
2128033101
2128267475
2128352564
2128460711
2128664090
2128779639
2128816442
2128902724
2128970445
2129021168
2129218211
2129218788
2129280032
2129508257
2129508393
2129552551
2129666437
2129688705
2129762200
2129824728
2129905011
2129988520
2130000920
2130045564
2130104627
2130174325
2130248687
2130347716
2130373982
2130390056
2130426072
2130438441
2130620597
2130715019
2131116244
2131163890
2131165503
2131317056
2131743094
2131764965
2132193789
2132557155
2132644652
2132660668
2132931112
2133010173
2133187794
2133225731
2133266060
2133268521
2133562615
2133925237
2133956695
2134016476
2134304489
2134508204
2134718244
2134774312
2134785391
2134793531
2134969797
2134996764
2134997614
2135163145
2135164659
2135164664
2135242071
2135278421
2135284706
2135466527
2135625730
2135822007
2136091072
2136151490
2136186104
2136303437
2136341823
2136455335
2136599571
2136728628
2136802682
2137086366
2137097197
2137127742
2137428677
2137446895
2137476179
2137508424
2137523193
2137633929
2137661995
2137702598
2138011599
2138014001
2138014006
2138072360
2138153971
2138343953
2138487740
2138560812
2138819197
2138892732
2138981894
2138999248
2139063578
2139294992
2139440797
2139692862
2139811161
2139845958
2140084005
2140105671
2140154379
2140165356
2140270343
2140334460
2140448835
2140459091
2140943587
2141053013
2141105706
2141106923
2141191166
2141221811
2141247090
2141419793
2141614618
2141631249
2141665327
2141944252
2141945781
2141964934
2142081452
2142232474
2142240511
2142250196
2142331145
2142394591
2142396434
2142571976
2142654567
2142666686
2142977595
2143069521
2143110620
2143230383
2143247143
2143262037
2143262056
2143278933
2143329358
2143394294
2143595404
2143645513
2143653835
2143850694
2143932711
2144204282
2144209098
2144310603
2144428474
2144714241
2144751472
2144855379
2145065424
2145242213
2145506168
2145780676
2145791045
2146010476
2146012956
2146013003
2146016371
2146021417
2146029535
2146169899
2146228675
2146326226
2146331703
2146332423
2146332529
2146332827
2146333002
2146495578
2146525179
2146688401
2146702163
2146751813
2146756371
2146799275
2146809893
2146857081
2146891954
2146993355
2147001836
2147198372
2147210097
2147215189
2147232349
2147259969
2147267605
2147282848
2147438686
2147467203
2147590930
2147630305
2147797199
2147810515
2147814892
2147910412
2148134306
2148138735
2148153026
2148207298
2148364134
2148468977
2148689242
2148749221
2149463813
2149490392
2149543657
2149586642
2149612361
2149699181
2149826897
2149838537
2149932833
2150011098
2150115162
2150242847
2150279264
2150320831
2150399877
2150400593
2150458507
2150498528
2150514784
2150562991
2150563359
2150577831
2150716113
2151104946
2151176537
2151390809
2151762012
2151848935
2151896978
2151974450
2152040455
2152042333
2152431147
2152525398
2152616812
2152778590
2152911855
2152970758
2153056465
2153130055
2153164584
2153164585
2153164588
2153165314
2153165323
2153224278
2153275746
2153282845
2153313186
2153424720
2153649401
2153687869
2153709367
2153719948
2153831124
2153875261
2153940064
2153987896
2154092671
2154102554
2154148199
2154272326
2154551220
2154558523
2154565957
2154645123
2154940634
2155101606
2155310908
2155485875
2155507000
2155514885
2155783635
2155838232
2155854994
2155894011
2156224250
2156522597
2156793332
2156793359
2156859425
2156963984
2157073216
2157230248
2157522601
2157835646
2157861742
2157862131
2157862209
2157935694
2158205190
2158218234
2158230017
2158232693
2158235003
2158235156
2158464687
2158563962
2158596828
2158628814
2158628815
2158628821
2158628824
2158767852
2158797657
2158867495
2158938234
2158992656
2158995851
2159000072
2159001658
2159001716
2159017376
2159123323
2159313505
2159356883
2159409289
2159441606
2159761961
2159811850
2160198202
2160227068
2160380447
2160405025
2160530149
2160758314
2160792932
2160850649
2160880069
2160887249
2161010566
2161091651
2161147608
2161155720
2161220046
2161323759
2161503002
2161942368
2162069734
2162288643
2162406037
2162738011
2162886475
2163165138
2163186332
2163456232
2163469811
2163698932
2163973713
2163983554
2163985772
2163987359
2163990284
2164001520
2164002118
2164002353
2164003074
2164006168
2164010719
2164019651
2164033835
2164051290
2164096181
2164170628
2164293967
2164414682
2164561546
2164573277
2164704396
2164919966
2165009337
2165243387
2165277044
2165392506
2165408282
2165411925
2165425086
2165448772
2165498721
2165498722
2165788774
2165797649
2165921613
2166118228
2166189855
2166306568
2166361334
2166447251
2166648778
2166649660
2166669296
2166780789
2167030174
2167129288
2599568470
2599609146
2599695445
2599778368
2599936469
2600196633
2600318926
2600428855
2600433972
2605159302
2605177521
2605211048
2605332443
2605363210
2605382523
2605745704
2605753316
2605849143
2605888996
2605902042
2606092206
2606144886
2606216171
2606253287
2606266506
2606505452
2606542357
2606725403
2606746163
2606891361
2606891362
2607019793
2607028502
2607175593
2607274091
2607368014
2607423820
2607559079
2607603733
2607612637
2607677538
2608148046
2608375782
2608399445
2608490907
2608748329
2608794474
2609127878
2609133231
2609174303
2609174709
2609174870
2609177160
2609177317
2609258549
2609278705
2609410160
2609468491
2609858434
2609961910
2610173092
2600620347
2600628116
2600720260
2600797312
2600822282
2601389904
2601583563
2602018369
2602018382
2602214915
2602320199
2602329575
2602348541
2602667125
2602760574
2602792921
2602974699
2603032365
2603052718
2603055753
2603091901
2603106786
2603113257
2603123296
2603168009
2603608570
2603844883
2604148980
2604171224
2604173246
2604196596
2604234517
2604239589
2604568894
2604595962
2604678993
2604849407
2604919940
2604937294
2615404128
2615416354
2615441752
2615448018
2615458473
2615474234
2615748796
2615759728
2615763712
2615764732
2615790278
2615796972
2615800639
2615855090
2615959797
2616112971
2616219670
2616414730
2616414788
2616419212
2616586753
2616593622
2616601341
2616619168
2616654983
2616790084
2616994865
2616999282
2617000042
2617009000
2617241679
2617279850
2617409635
2617417002
2617443335
2617542626
2617560634
2617561099
2617640682
2617658485
2617688579
2617716085
2617755941
2617961460
2617961506
2618009476
2618016724
2618029395
2618041451
2618243770
2618280459
2618416561
2618426222
2618509780
2618532738
2618568887
2618591348
2618633927
2618635221
2618680440
2618696134
2618697653
2618701159
2618701251
2618701701
2618710184
2618725684
2618728222
2618763722
2618771219
2618784496
2618797113
2618806287
2618806544
2618829428
2619011444
2619052440
2619059027
2619067684
2619076675
2619078773
2619148683
2619345422
2619349725
2619372694
2619404188
2619406080
2619451659
2619463842
2619482560
2619553022
2619706074
2619706079
2619716300
2619753657
2619759721
2619937183
2619941237
2619981314
2620019277
2620088968
2620091496
2620116033
2610290903
2610363364
2610442248
2610498077
2610620719
2610652879
2610664665
2610714070
2610750759
2611211958
2611222522
2611250028
2611277067
2611308344
2611317348
2611334475
2611449503
2611596618
2611597977
2611598125
2611679232
2611851277
2611996137
2612019245
2612100986
2612386342
2612414081
2612449996
2612648575
2612652621
2612709195
2612733377
2612746629
2612763238
2612824707
2613308842
2613331853
2613377071
2613395298
2613395299
2613414574
2613440833
2613443931
2613453865
2613512880
2613650159
2613655276
2613681098
2613686702
2613688196
2613724903
2613781563
2614043511
2614047755
2614084143
2614184471
2614221810
2614398112
2614435703
2614466366
2614474895
2614833935
2615041108
2615054861
2615140524
2620441674
2620496031
2620496071
2620771290
2620872379
2620902351
2621009423
2621057961
2621059820
2621074222
2621240236
2621363351
2621633083
2621637545
2621677797
2621754574
2622049581
2622050707
2622061664
2622069171
2622097921
2622293092
2622387671
2622408955
2622416832
2622747272
2622775899
2623062410
2623117821
2623126895
2623126896
2623126897
2623126898
2623126899
2623126900
2623126901
2623126902
2623126903
2623126904
2623126905
2623126906
2623126907
2623131378
2623131379
2623131380
2623131381
2623131382
2623131383
2623131384
2623131385
2623131386
2623131387
2623131388
2623131389
2623131390
2623221196
2623426764
2623442896
2623442897
2623442898
2623442899
2623442900
2623442901
2623442902
2623442903
2623442905
2623442906
2623442907
2623442908
2623444484
2623444485
2623444486
2623444487
2623444488
2623444489
2623444490
2623444491
2623444492
2623444494
2623444495
2623444496
2623451899
2623481919
2623481920
2623481921
2623481922
2623481923
2623481924
2623481925
2623481926
2623481927
2623481929
2623481930
2623481931
2623481932
2623483200
2623483201
2623483202
2623483203
2623483204
2623483205
2623483206
2623483207
2623483208
2623483209
2623483210
2623483211
2623483212
2623483213
2623483214
2623483215
2623483216
2623483217
2623483218
2623495809
2623527864
2623542161
2623819355
2623847847
2623862214
2623862936
2623862941
2623862942
2623862943
2623862946
2623865622
2623865624
2623865628
2623865636
2624172302
2624281355
2624481265
2624596863
2624625449
2624629474
2624881600
2624930794
2625288251
2625349415
2625355805
2625355806
2625355807
2625355816
2625355818
2625361487
2625361488
2625361490
2625361491
2625361492
2625361496
2625361499
2625391999
2625410194
2625422103
2625470299
2625499957
2625696093
2625746775
2625930252
2626105958
2626127449
2626134379
2626190165
2626204106
2626406395
2626414781
2626415342
2626415946
2626433139
2626471794
2626480226
2626494759
2626591625
2626872838
2626921879
2627668311
2627692701
2628008239
2628093273
2628258425
2628344945
2628713949
2628764772
2628991861
2629033219
2629041519
2629298922
2629339863
2629367507
2629420170
2629600427
2629676453
2629714525
2629720162
2629720361
2629856954
2629899797
2629916257
2629966429
2630170202
2630185773
2630255369
2630369113
2630535339
2630559965
2630573654
2630594641
2630594930
2630708508
2630928285
2630945203
2630962307
2630966191
2630970328
2630970605
2631138860
2631152864
2631211830
2631294940
2631318598
2631325245
2631878891
2632109436
2632158467
2632159121
2632247038
2632333994
2632445677
2632805755
2632809377
2633103913
2633116814
2633166745
2633175543
2633196136
2633205399
2633908436
2633983580
2634029816
2634054278
2634055151
2634310597
2634411329
2634581549
2634628260
2634913963
2635177970
2635232723
2635326458
2635715664
2636088749
2636253893
2636376683
2636402403
2636713301
2636960053
2637147269
2637352644
2637532201
2637651626
2637744798
2637752570
2637827914
2637906532
2637924171
2638126012
2638431038
2638833227
2639008976
2639129663
2639276278
2639382417
2639484927
2639484928
2639624304
2639686372
2639710968
2639816894
2639828214
2640002510
2640006258
2640006319
2640044516
2640044517
2640047230
2640085200
2640102348
2640145097
2640178002
2640401242
2640457224
2640501045
2640534451
2640545038
2640615849
2640892562
2640951712
2641088752
2641115684
2641170553
2641267116
2641267945
2641534953
2641875870
2641881523
2641881568
2641883397
2642199654
2642226529
2642267710
2642289581
2642379661
2642498302
2642686308
2642726920
2642746379
2642957124
2643098336
2643121228
2643135212
2643250369
2643299878
2643416405
2643521547
2643537823
2644032186
2644122969
2644187949
2644361353
2644497905
2644821685
2644821724
2644821740
2644821797
2644821799
2644821816
2644821822
2644821900
2644821905
2644821945
2644823360
2644823374
2644823403
2644823476
2644823586
2644823660
2644843248
2644871440
2644924945
2645034010
2645034180
2645270992
2645495116
2645498390
2645662551
2645713948
2645892440
2646137471
2646152795
2646260248
2646330514
2646336724
2646437459
2646459643
2646521897
2646581528
2646733205
2647094502
2647102754
2647105253
2647275726
2647335950
2647387719
2647567600
2647568878
2647579127
2647591656
2647614511
2647785790
2647930186
2647991014
2648107742
2648108506
2648109003
2648143137
2648457740
2648515374
2648861642
2648874808
2648885008
2649141463
2649167923
2649294326
2649724979
2649880162
2649988457
2650136893
2650243745
2650464654
2650464766
2650473548
2650518525
2650715152
2650715912
2650718154
2650718155
2650971671
2651103555
2651203212
2651261357
2651425710
2651447604
2651462274
2651557253
2651584568
2651611071
2651611114
2651611444
2651611450
2651611479
2651611504
2651611665
2651611667
2651611949
2651621083
2651870982
2651872785
2651872798
2652120938
2652319775
2652682297
2652746611
2652820720
2652984272
2653076403
2653241312
2653494239
2653706098
2653832580
2653839175
2653862855
2653875131
2654164524
2654225375
2654263712
2654263881
2654516759
2654627648
2654681429
2654757407
2655133832
2655154058
2655255092
2655508300
2655518045
2655819691
2656118035
2656229675
2656258121
2656316184
2656340514
2657106104
2657471085
2657888480
2658279568
2658398715
2658714657
2658917917
2658986941
2658986946
2658986948
2658988466
2658989047
2658989049
2658993427
2658993689
2658993696
2658996222
2658997031
2659002834
2659004353
2659004688
2659004689
2659004896
2659008188
2659008202
2659332968
2659393768
2659633957
2659634105
2660061718
2660361769
2660697166
2660774255
2674816614
2675041517
2675178098
2675860565
2676025736
2676035549
2676196049
2676332640
2677083641
2677085202
2677219165
2677287032
2677387433
2677438130
2677439059
2677997931
2678065632
2678325350
2678356392
2678527646
2678530237
2678530266
2678550123
2678551343
2678561707
2678564748
2678565593
2678621750
2678625343
2678638672
2678647412
2678707924
2679022303
2679049168
2679282682
2679326662
2679634795
2679687531
2679694479
2680023902
2680553576
2680590580
2680594183
2680602307
2680787484
2681323659
2661300303
2661314524
2661383424
2661429628
2661429917
2661429945
2661485948
2661558787
2661645760
2661645768
2661645830
2661648616
2661648652
2661648679
2661786391
2661831867
2661833076
2662018027
2662045513
2662242621
2662523702
2662634445
2662845879
2662892439
2663103829
2663362889
2663432278
2663519994
2664177057
2664192585
2664471047
2664474170
2664514103
2664812141
2664886919
2665561904
2665734237
2665849839
2665914274
2665978801
2666192634
2666536934
2666550078
2666632894
2666632898
2667659898
2668298690
2668367776
2668585199
2668616967
2668675540
2668955039
2669341160
2669546553
2669555835
2669575695
2670054605
2671344403
2671445592
2671610336
2672162985
2673415688
2673695323
2673697188
2673697193
2673727730
2673810532
2674085487
2674711275
2681559661
2682731437
2683031413
2683306507
2683800385
2683804739
2684514778
2684514779
2684926229
2685327875
2685725272
2685889646
2685914843
2686064578
2686196673
2686520298
2686941293
2687022518
2687321676
2687490510
2687519907
2688149643
2688172373
2688454170
2688578286
2688768768
2688783333
2688808429
2688848023
2688916758
2689185648
2689980840
2690395209
2690585629
2690846376
2690902320
2690902321
2691054821
2691114565
2691133967
2691809455
2691852556
2691985849
2692010006
2692053489
2692058200
2692372947
2692747857
2693190700
2693371758
2693374572
2693473621
2693831134
2694763879
2694946221
2695110743
2695147385
2695301189
2695557943
2695638185
2695979932
2696008106
2696008950
2696862219
2697400752
2697422175
2697440064
2697932174
2697932176
2698369895
2698423130
2698423929
2698819016
2699392313
2699535008
2699630357
2699691531
2699979016
2700285280
2700527174
2701089223
2701664603
2702374858
2702643192
2702694670
2702706003
2702706004
2702706005
2702706952
2702706956
2702706957
2703058322
2703850867
2703931560
2704506817
2704508666
2704508670
2704580645
2704631154
2705043836
2705270764
2705314793
2705355947
2706314166
2706685378
2706867492
2707003978
2707003980
2707007727
2707007732
2707164272
2707480015
2707572641
2707604265
2707649948
2708204086
2708327743
2708518769
2709086537
2709108797
2709271980
2709432412
2709466109
2709468168
2709587915
2709706245
2709711714
2709714706
2709846631
2710880822
2711846033
2712228988
2712271599
2712599631
2725696944
2726554828
2726563109
2726597354
2726658017
2726670947
2726893980
2726898118
2726903170
2726941170
2727215273
2727478819
2727562572
2727846565
2727847344
2728414002
2728443982
2728626147
2728717640
2728767497
2728896055
2728897723
2729236362
2730020036
2730151646
2730151726
2730161536
2730162585
2730165016
2730168467
2730175746
2730181447
2730209916
2730270799
2730718987
2730848098
2730967175
2731327610
2731385056
2731399915
2731619300
2731685783
2731735452
2731741203
2731791673
2731798412
2731818637
2731865406
2712963610
2713559577
2713559580
2713560376
2713560377
2713560379
2713560531
2713628673
2713633715
2713957887
2714329472
2714329475
2714329476
2714329477
2714329478
2714499870
2714751988
2714754237
2715260192
2716052258
2716099859
2716116356
2716799960
2716799993
2716800023
2716803473
2716849930
2717152906
2717169797
2717670823
2718021057
2718671973
2719360338
2719588557
2719630195
2719630320
2720975820
2720975823
2720977463
2720977467
2721954616
2722285316
2722412977
2722931249
2723459463
2723518081
2723747818
2723771732
2723869471
2724221748
2724740279
2724787418
2725335189
2725493366
2732837644
2733581267
2733966621
2734058462
2734356414
2734751331
2734941319
2735550159
2735563856
2735584766
2735584767
2735780786
2735860503
2735931859
2735932031
2735941721
2736071558
2736202667
2736303822
2736579103
2736580456
2736660964
2736876873
2737435032
2737575046
2737575141
2737754046
2737797011
2737823406
2737866000
2738107582
2738109482
2738143662
2738249195
2738471317
2738783631
2738869985
2739035464
2739829332
2739864050
2740110603
2740113271
2740134068
2740251210
2741133983
2741141448
2741341405
2742097687
2742799817
2743000991
2743471298
2743566782
2744010902
2744406861
2744450308
2744525527
2744705539
2744848868
2745018860
2745077171
2745188838
2745297891
2745337409
2745349120
2745403678
2745545554
2746172609
2746273161
2746470068
2746470688
2746950237
2747158115
2747288725
2747536904
2747767133
2747949398
2748058687
2748297052
2749058716
2749102210
2749278210
2749401641
2749709438
2749722485
2750248233
2750960926
2751017120
2751267696
2751619777
2751794279
2752813937
2753508971
2753716442
2754221568
2754250077
2754281770
2754291472
2754416174
2754634358
2754874634
2755069667
2755083971
2755252676
2755254306
2755330765
2755410598
2755690821
2755768908
2755769455
2756031693
2756201982
2756241922
2756250624
2756264470
2756415708
2757044651
2757264533
2757767205
2758215291
2758248383
2758870636
2759107040
2759170076
2759383880
2759420585
2759517817
3311899361
3311995083
3312013804
3312013872
3312137293
3312144322
3312166764
3312168761
3312336110
3312339145
3312576417
3312624379
3312624783
3312726053
3312772062
3312891012
3312906027
3312957911
3312972040
3313041994
3313488177
3313590642
3313909756
3313949685
3314136802
3314291710
3314368878
3314379858
3314488247
3314507693
3314708257
3314774355
3314814481
3315041980
3315187638
3315286795
3315507206
3315584107
3315603687
3315772335
3316054547
3316166378
3316476690
3316628712
3316837314
3316869901
3316869905
3317124461
3317190273
3317669532
3317894666
3317894781
3317897859
3317996179
3318093297
3318329108
3318800135
3319366184
3319486952
3319838655
3320049452
3320330525
3320330555
3320330688
3320330742
3320330744
3320331503
3320331526
3320331551
3320331565
3320331607
3320331617
3320425948
3321120551
3321350920
3321366430
3321366701
3321756710
3321957734
3322044803
3322090374
3322304721
3322333253
3322383475
3322519089
3322537202
3322655241
3322655242
3322655243
3322655244
3322655981
3322772349
3322772351
3322772352
3322773172
3322773176
3322995847
3323047905
3323615276
3323641092
3323642764
3323688803
3323735577
3323748441
3324100773
3324360428
3324381988
3324439287
3324575230
3324814704
3324814780
3324815210
3324815239
3324815829
3325186135
3325597091
3325927870
3326713303
3326737778
3326811758
3327174804
3327185684
3327192431
3327496438
3327508028
3327521028
3327857282
3327857283
3327857284
3327859059
3327859060
3327859061
3327859062
3327972397
3328025756
3328047524
3328050191
3328191621
3328245791
3328285489
3328593787
3328802533
3328818175
3328818852
3328860160
3328911291
3328926330
3328947672
3328983660
3329141650
3329144314
3329236306
3329275445
3329283098
3329363793
3329396496
3329435381
3329469373
3329626289
3329633523
3329686182
3329686632
3329696982
3329706965
3329722244
3329740100
3329761144
3329857084
3330065180
3330077730
3330083398
3330091466
3330138901
3330159869
3330345808
3330453730
3330453731
3330454420
3330454421
3330454422
3330497350
3330533076
3330546723
3330587678
3330587682
3330587684
3330587689
3330587692
3330587694
3330587699
3330587701
3330587703
3330587704
3330589548
3330589549
3330589551
3330589557
3330589563
3330589564
3330608650
3330704274
3330832262
3331057354
3331263196
3331266907
3331406790
3331627577
3331634547
3331655817
3331656200
3331698517
3331978617
3331986170
3331997158
3332092398
3332322665
3332461946
3332539979
3332662107
3332662640
3332667083
3332721084
3332774480
3332785123
3332862208
3332982365
3332982366
3332982367
3332982368
3332982369
3332982370
3332983004
3333051801
3333071193
3333090451
3333095353
3333188817
3333359096
3333839171
3333951708
3333979256
3333980541
3334005922
3334018758
3334027851
3334174583
3334296685
3334318829
3334326557
3334327620
3334327673
3334332753
3334336894
3334336934
3334336972
3334337016
3334337807
3334337813
3334337841
3334340855
3334383213
3334499540
3334609024
3334628102
3334654505
3334667803
3334670699
3334681833
3334689339
3334714206
3334821630
3334988469
3335076149
3335266683
3335289197
3335329866
3335411900
3335561581
3335591050
3335852660
3335858088
3335860135
3335860773
3335866186
3336027328
3336071382
3336075033
3336086965
3336096075
3336111777
3336127219
3336133239
3336206174
3336206188
3336208261
3336226159
3336361217
3336452327
3336452328
3336452329
3336453345
3336453346
3336500196
3336506039
3336522900
3336556431
3336556538
3336763003
3336849311
3336859620
3336944968
3336970839
3337103335
3337135678
3337166638
3337181952
3337396407
3337505299
3337505300
3337505301
3337505302
3337505303
3337505304
3337505305
3337506266
3337575471
3337619282
3338033128
3338411321
3338411322
3338411963
3338411964
3338433906
3338474042
3338512632
3338534268
3338534280
3338535441
3338578772
3338583239
3338633618
3338768798
3338811585
3338881680
3338882184
3339029789
3339115712
3339149525
3339163645
3339183206
3339206584
3339228659
3339234005
3339236911
3339427932
3339434162
3339443135
3339469145
3339471699
3339485725
3339529099
3339532035
3339549730
3339552119
3339552282
3339552306
3339554099
3339554317
3339554358
3339554554
3339755258
3339755259
3339755260
3339756939
3339756941
3339756943
3339756944
3339756946
3339756947
3339804979
3339805286
3339809602
3339809937
3339854902
3339883796
3339891207
3339918530
3340162145
3340217276
3340305387
3340481834
3340562996
3340617054
3340627492
3340628175
3340664978
3340673351
3340700531
3340723449
3340723939
3340724431
3340729080
3340745418
3340745484
3340804922
3340819316
3340958432
3340958564
3340977864
3340981749
3340988294
3340988612
3341020731
3341056477
3341057520
3341098337
3341110443
3341115036
3341382290
3341421786
3341471097
3341476243
3341510879
3341510963
3341568205
3341574964
3341725295
3341763409
3341958971
3341989332
3342069641
3342074901
3342124653
3342241478
3342246220
3342246256
3342246267
3342246288
3342247155
3342247215
3342387266
3342428722
3342443574
3342449383
3342629919
3342676087
3342683206
3342700633
3342998068
3343004269
3343006706
3343146832
3343186583
3343186585
3343186589
3343186986
3343186993
3343216467
3343217251
3343228239
3343236872
3343244792
3343258725
3343266868
3343283021
3343331827
3343337530
3343481163
3343481164
3343482013
3343565525
3343571171
3343585967
3343596583
3343603787
3343761982
3343911620
3344017494
3344026492
3344037830
3344160416
3344353053
3344361861
3344393743
3344395100
3344406345
3344407896
3344412101
3344662388
3344662394
3344662442
3344662462
3344662891
3344662926
3344662980
3344663066
3344760621
3344772147
3344785559
3344787130
3344789893
3344838162
3344838226
3344996307
3345268773
3345529857
3345626448
3345670028
3346047435
3346074369
3346077622
3346184979
3346343165
3346383550
3346435099
3346477387
3346481668
3346485851
3346616559
3346747561
3346819208
3346841135
3346860584
3346876184
3346878190
3346976808
3347120562
3347120563
3347120564
3347120565
3347120566
3347120567
3347121401
3347121402
3347121404
3347121405
3347121406
3347483179
3347860181
3347867186
3348159360
3348203874
3348217420
3348235986
3348536127
3348545250
3348607641
3348608398
3348615163
3348879482
3348902418
3348921998
3348934866
3349329202
3349391433
3349420707
3349593430
3349641474
3349658063
3349658129
3349735958
3349773794
3349806780
3349937553
3349977890
3350023144
3350263893
3350298039
3350389149
3350454436
3350458863
3350490735
3350614936
3350620703
3350763405
3351033128
3351364824
3351516988
3351716164
3351720250
3351789988
3351879645
3351926415
3352505394
3352907342
3352951518
3352971096
3353161898
3353184295
3353189102
3353208981
3353441584
3353559086
3353813773
3353880767
3353893425
3353894999
3353904476
3353904533
3353912045
3353934705
3354292446
3354787771
3354846809
3354896194
3355108219
3355141519
3355218699
3355412104
3355629675
3355672045
3355880772
3355915573
3355942513
3355950034
3355955545
3355982548
3355983308
3356004231
3356077238
3356097752
3356224827
3356247015
3356359566
3356999527
3356999682
3357052255
3357066475
3357199204
3357267563
3357296521
3357319607
3357334276
3357429111
3357574672
3357687903
3357693039
3357758094
3358022556
3358061980
3358063042
3358109495
3358355778
3358426130
3358703910
3358734469
3358734470
3358752079
3358776261
3358780568
3358868972
3358944390
3359092022
3360066726
3360099878
3360119964
3360366698
3360374986
3360375175
3360434921
3360434978
3360469928
3360726896
3360838206
3360869085
3360873809
3360879569
3361211189
3361674654
3361844958
3361918779
3362095878
3362112074
3362244118
3362496221
3362501643
3362542402
3362570994
3362575683
3362614646
3363152851
3363228889
3363410000
3363753741
3364398543
3364622071
3364684600
3364938145
3365258431
3365258454
3365335388
3365388087
3365649789
3365925330
3365954784
3366122329
3366305131
3366352815
3366585216
3366904691
3366905551
3367023344
3367652546
3367973704
3368045929
3368096149
3368191336
3368280562
3368398385
3368639847
3368811476
3368872591
3369396765
3369493029
3369737206
3369808287
3369808295
3369837766
3370024864
3370145222
3370153688
3370156399
3370212635
3370283605
3370504183
3370510496
3370538976
3370549311
3370879182
3371040213
3371236424
3371407137
3371641978
3371662591
3372924401
3372931635
3372988748
3373169542
3373854623
3373876632
3373971523
3373971547
3373972303
3373972316
3374264981
3374298333
3374340128
3374340129
3374727021
3374914135
3375015194
3375191209
3375204915
3375235280
3375305953
3375320565
3375326671
3375731947
3376045073
3376087880
3376166484
3376186307
3376240517
3376493967
3376574654
3377284096
3377456655
3377461284
3377739721
3377741086
3377745763
3377774582
3377817989
3377963979
3377974284
3377977197
3377980479
3378028220
3378032323
3378319102
3378349348
3378369884
3378683584
3378688238
3378720892
3378797176
3379067813
3379116730
3379230062
3379427579
3379559321
3379584714
3379632747
3379654579
3379954658
3380047110
3380265132
3380341331
3380572053
3381004472
3381136568
3381267331
3381801361
3381873818
3381890293
3381897788
3381997216
3382084546
3382205410
3382227062
3382240660
3382278694
3382322820
3382671751
3382711047
3382711100
3382918025
3383098585
3383155428
3383264486
3383265362
3383265363
3383265364
3383310746
3384087850
3384246092
3384272710
3384438465
3384834720
3384933562
3384933626
3384933662
3384933701
3384933744
3384933784
3384934199
3384934808
3385113410
3385379229
3385783517
3385783602
3385783648
3385783681
3385783717
3385784785
3385785034
3385863191
3385875970
3385995993
3386518813
3386679145
3386710459
3386724969
3386984917
3387069162
3387104985
3387140389
3387196698
3387379493
3387379523
3387379540
3387379792
3387379852
3387379860
3387379895
3387446800
3387462990
3387486188
3387493836
3387565398
3387803470
3387809719
3388515479
3388606329
3388660117
3388853440
3388855419
3388984047
3389040971
3389068756
3389181643
3389289988
3389317042
3389317091
3389317175
3389317199
3389317224
3389345578
3389345586
3389762488
3389763669
3389765983
3389766058
3389827278
3389832548
3389832666
3390085601
3390085647
3390085720
3390087091
3390147457
3397830650
3397876172
3397876231
3397892626
3397907479
3397923852
3398237588
3398248525
3398248574
3398248606
3398248628
3398248675
3398249157
3398249188
3398249245
3398249588
3398249611
3398249712
3398249740
3398250080
3398250102
3398250220
3398352163
3398712453
3399325712
3399406509
3399411162
3399418197
3399458729
3399762589
3399860023
3399861162
3400316919
3400346553
3400781311
3401049488
3401049553
3401049575
3401049586
3401049650
3401049686
3401049700
3401050002
3401050031
3401050203
3401050418
3401050443
3401050456
3401100277
3401100344
3401100817
3401100837
3401100909
3401100936
3401100977
3401154435
3401174544
3401183420
3401451643
3401939669
3402276432
3402276454
3402862368
3403184720
3403208264
3403219882
3403318546
3403400632
3403402737
3403402821
3404108534
3404194706
3404226381
3404231371
3404432052
3404501181
3404556641
3404870090
3404870264
3404870935
3404870975
3404871094
3404871134
3404872941
3404874693
3404874763
3404875788
3404877789
3404877833
3404878004
3404878036
3404878063
3405578355
3405991027
3406249887
3406277887
3390627085
3390640082
3390648410
3391299060
3391638734
3392135600
3392191412
3392518648
3392548710
3392548739
3392548771
3392549604
3392550805
3392615060
3392710381
3392915246
3392915276
3392915335
3392915359
3392915366
3392915373
3392916080
3392916172
3392946312
3392999943
3393022451
3393029679
3393034921
3393052659
3393877166
3394055807
3394057560
3394351136
3394787215
3394841621
3395135493
3395165423
3395165446
3395165485
3395165497
3395167002
3395167068
3395198494
3395198498
3395198502
3395198541
3395198544
3395198557
3395199196
3395199241
3395205518
3395205534
3395205856
3395275912
3395332714
3395334289
3395880839
3395921362
3396030097
3396295599
3396309181
3396448956
3396643302
3396646819
3397024989
3397366554
3397366640
3397366928
3397366958
3397367013
3397367031
3397367053
3397367076
3397400623
3406611582
3407316547
3407317424
3407463190
3407465053
3407466044
3407502422
3407692294
3407803339
3407803347
3407803435
3407803456
3407803502
3407805044
3407805086
3407835645
3407850762
3407862597
3407862617
3407862640
3407862676
3407862723
3407862751
3407863312
3407863319
3407863368
3407863443
3407864816
3407979496
3408334583
3408344864
3408367469
3408617878
3408630339
3409232203
3409282605
3410095113
3410166754
3410170369
3410178478
3410198045
3410198541
3410211156
3410234296
3410658511
3410658593
3410658614
3410658625
3410658632
3410659061
3410659130
3410659221
3410659374
3410659418
3410659447
3410659499
3410659526
3410659535
3410659550
3410659879
3410661551
3410661552
3410661553
3410661556
3410661561
3410661562
3410661564
3410728323
3411306668
3411855443
3411997817
3412427736
3413769940
3413923007
3414335339
3414335370
3414335451
3414335729
3414335823
3414335916
3414335945
3414339332
3414339495
3414339518
3414339745
3414339948
3414340014
3414340057
3414340086
3414340116
3414340156
3414340178
3414340245
3414340770
3414341936
3414341946
3414341983
3414487548
3415950071
3416026096
3416200797
3416225928
3416336849
3416833697
3417296427
3417735195
3417793837
3417793944
3417794119
3417794184
3417794861
3417794898
3417797379
3417797448
3417797548
3417797607
3417798101
3417798143
3417798190
3417798201
3417798345
3417798400
3417798470
3417798544
3417798627
3417798668
3417798780
3417798838
3417798865
3417799004
3417799028
3417799072
3417799119
3417799812
3417799973
3417800025
3417880096
3418044080
3418942491
3419245753
3419375982
3419387392
3419480917
3419895154
3420282538
3420340018
3420340571
3420758230
3420758719
3421280179
3421280194
3421280264
3421280332
3421281116
3421281171
3421281195
3421952150
3421952549
3421952837
3421953144
3421953177
3422302266
3422302492
3422304899
3422305000
3422305133
3422305857
3422306061
3422599344
3422599347
3422609687
3422676106
3431707799
3431707887
3431708024
3431708189
3431708307
3432763548
3432857857
3433003488
3433428915
3434269642
3434297713
3434431226
3434765387
3435106624
3435135967
3435675263
3435675321
3435675350
3435675429
3435675497
3435675673
3435675981
3435676038
3435676357
3435676424
3435676471
3435676654
3435676693
3435951192
3436367369
3436838982
3436868534
3437035035
3437692060
3437709769
3438547720
3438550173
3438550881
3438550998
3438669657
3438671060
3438671220
3438671282
3438960280
3439093321
3439283833
3439286983
3439333283
3439345170
3439405258
3439422588
3439429809
3439770780
3439802207
3439837669
3440113707
3440916419
3441240012
3441373494
3441788384
3441907208
3442297385
3442379641
3442385222
3442705303
3443544736
3443544738
3443545696
3443545697
3443545698
3443782278
3443799135
3443799294
3443799340
3422956978
3422986128
3423004201
3423016203
3423021047
3423021774
3423023427
3423025913
3423026784
3423027055
3423883261
3423898292
3424230966
3424230983
3424230998
3424231815
3424231854
3424231912
3424231936
3424302433
3424328229
3424343115
3424357505
3424357533
3424357911
3424357967
3424400844
3424775630
3424776084
3424776087
3424778236
3424778903
3424779076
3424779128
3424779188
3424779202
3424779259
3424780964
3424784785
3424784791
3424786771
3425407522
3425495613
3425553507
3426598174
3427267934
3428674814
3428865963
3428883464
3428883465
3428884122
3428884123
3428907040
3428915486
3429085443
3429195271
3429245232
3429272653
3429274203
3429297332
3429361352
3429415862
3429747654
3429747885
3429852411
3430282966
3431109122
3431255752
3431591943
3431591970
3431612345
3431612457
3431612496
3431612539
3431612689
3431612784
3431614132
3431614183
3431614212
3431614226
3431614397
3431614417
3431614434
3431614459
3431614646
3431614685
3431614836
3431614914
3431614943
3431614971
3431640404
3431652872
3431706400
3431706657
110758
110773
111108
149686
149692
163845
167907
167919
167922
167928
167930
167932
167934
167935
167940
167943
167948
167950
167953
167955
168121
170044
171002
171626
186569
186622
186627
186635
191345
206713
215659
216484
241186
248785
276200
330007
330822
331865
385832
403024
3881213
3929679
3951176
4151469
4226177
4226190
4226209
4236621
4278979
4884478
5092445
5111054
5237790
5273636
5274171
5278647
5279722
5285297
504483
584011
623136
741361
1003902
1302062
1476164
1869765
1927979
1938717
17953848
18309798
18927596
21998360
18940135
19027624
19027625
19027628
19038287
19161964
23005699
23954518
25729879
25729885
26075355
26160793
26402041
26402044
26584144
26620480
26710584
27000323
27065779
27167706
27167721
27566705
36895430
37782277
41641570
399342277
27598360
27770540
27890505
27927093
27970126
28196448
28482766
28535071
28577876
28643203
28684762
28850411
28912074
29005959
29393455
29719609
29723033
29812077
29812079
29812091
29812117
29816049
29836747
29947355
30089503
30212854
30780064
31370282
31594043
32288150
32807841
32835119
32958557
33035929
33111883
33223326
33241291
33241356
33337107
33337115
33337256
33337266
33419432
34072418
34084016
34497744
34532907
406907098
407044145
411349945
415593515
415793852
425280757
430053182
431534624
434052447
434070315
439625341
440114038
440240060
442493605
444803637
446940990
452348002
453413995
454544352
459159130
468490461
471761975
535061030
536624789
536841326
532776436
551335769
551335771
551335801
551335803
551335804
551335805
551337792
551337793
551337794
551337795
551337796
551337817
551337818
551337819
551337820
551337821
551338779
551338780
551338784
551338808
551338809
551338810
551338812
551339760
551339761
551339762
551339763
551339789
551339790
551339791
551339792
572916046
1319425225
1320097314
1343014303
1343014304
1343014307
1343016084
1343074836
1345548081
1346105160
1383085912
1383163982
1390061109
1392119449
1392986251
1393336973
1880003241
1883789348
1894884040
1911836317
1913594518
1913883566
1916875588
1917495428
1962385455
1963390467
1965647402
1969039800
1969411896
1972745210
1974482861
1983685708
1983763058
1984772614
1985413175
1992212774
1993449515
1993580513
1993950836
1994253743
2004410976
2005553007
2007322793
2010032391
2010582500
2065669099
2069252002
2071573930
2071955775
2076072396
2079459511
2079531260
2081643129
2081707282
2082490016
2083278089
2083393418
2084312064
2084316117
2084316118
2084316119
2084316120
2084316122
2084316123
2084316124
2084316125
2084316126
2084316130
2084318641
2084318642
2084318644
2084318649
2084318651
2085977468
2086137582
2087146097
2088243569
2091083298
2092827337
2094141388
2108320744
2110283164
2110283165
2110283166
2110284010
2110385348
2111434207
2116543330
2116808569
2116923273
2119806628
2155765866
2156185489
2156433484
2157011197
2159876659
2160793151
2162039297
2162117306
2164365318
2166753040
2599967853
2600777145
2600812509
2603679766
2603919612
2604128521
2604630100
2607355634
2607957573
2607958405
2608072275
2609963112
2613500743
2614321324
2614537823
2616147751
2616725561
2616963098
2617542630
2617709135
2629475538
2630140344
2630475468
2630719858
2635919767
2636103807
2637500636
2638939782
2638956974
2639569985
2640146449
2641001525
2641119765
2642213814
2642675488
2643787247
2645858443
2646206348
2646206831
2647285931
2648244580
2649654946
2649894216
2650481625
2651313280
2653081744
2654784662
2655428134
2655445977
2655488572
2656164062
2685965971
2685968490
2688582799
2689871525
2690383561
2691659039
2691668154
2693076379
2693371712
2693371740
2694863674
2696009855
2697422182
2697889179
2699692589
2702032771
2702369947
2703497990
2703497991
2703498531
2703498539
2704506169
2704506210
2704506356
2704506379
2704506618
2704506815
2704506816
2704506819
2704508320
2704508665
2704508683
2704553481
2706329029
2707387932
2707848841
2708049380
2739675278
2739885636
2740899766
2740956576
2741890084
2743097826
2743541683
2743814136
2744478751
2745086106
2745087438
2745735586
2745736264
2746941328
2747620985
2747802439
2748296905
2749016498
2749536405
2751070795
2751333364
2753087032
2753308714
2753312264
2753471178
2754745797
2754970209
2755356805
2755362330
2755415143
2756445334
2757104377
2758282533
2758779214
2759590022
2759743191
3313007708
3325214633
3325286390
3325682487
3325753594
3325791122
3326737719
3327165424
3328045991
3328385148
3328388431
3328610122
3331708816
3334327160
3335606493
3336167661
3336494675
3336506688
3337185497
3337678937
3338472007
3338835904
3339900496
3341707801
3343653044
3345085244
3345404504
3346174860
3346618185
3346632908
3346852258
3349344041
3350654248
3350929552
3351229186
3351519479
3351519528
3351974595
3352564513
3353071740
3353451117
3353852179
3354287653
3355233859
3419508011
3420738580
3420800074
3420800147
3421331125
3421494423
3421507388
3422538901
3422905636
3423087480
3424208310
3425644694
3426200326
3427228684
3427233021
3431543998
3431571404
3431592291
3433877658
3434000384
3436071475
3436247304
3436442057
3437172316
3439434441
